kind	module	path	bytes	sha256
action	platform-core	app/Actions/.gitkeep	0	e3b0c44298fc1c149afbf4c8996fb92427ae41e4649b934ca495991b7852b855
action	accounting	app/Actions/Accounting/ReverseJournalEntry.php	1961	3da9343648cf41728ee823ceee3ba68e92466b871aa172c90aff2b504a8aec1c
action	accounting	app/Actions/AccountingOperations/CreateFixedAsset.php	2383	3a7c1f7c573ef3561e423e1badb9285bbb7012ebcb887db208a9a40354582283
action	accounting	app/Actions/AccountingOperations/CreatePurchaseReturn.php	5716	cf150ffe5b8623c4cdc07336db3c3c3aa8c2e417974d4f52a4da04e01954bb36
action	accounting	app/Actions/AccountingOperations/CreateStandaloneReceipt.php	2527	aa0ec1102e222811f16b53abf6fb1484a17824fb9f92b7ee199496ac6197f449
action	accounting	app/Actions/AccountingOperations/UpdateDocumentBranding.php	2163	c72e1a125d8290efe781f59450853c39687db786450c87b0c1cd60dccf70fd99
action	api-and-integrations	app/Actions/Api/CreateApiToken.php	1071	c29c7c3f032f8d0594d35b6a477e1af6378898ab92f167f8900cefd2d9b07e5f
action	security-and-authorization	app/Actions/Authentication/StoreProfilePicture.php	978	ab6ae403d165852f68926e1e77de4af4fcf8b32e7a591b4f8e0330317d2582a5
action	catalog-and-inventory	app/Actions/Catalog/CreateProduct.php	2394	4e78f010153f5f3dc26944ea40eaee43037a4420ca8d757a796626ec37014209
action	catalog-and-inventory	app/Actions/Catalog/StoreProductImage.php	871	476f8ba4b8039f14bf6bc9b83187c60c7bddfdfd8ac65f7ea540ee82c2b504a3
action	sales-crm-and-pos	app/Actions/Commercial/ApplyVoucherToSale.php	2615	988ca84286ec017a7dac3ce4ba8f2f70f249212559a548ddb8d34b039a579f19
action	sales-crm-and-pos	app/Actions/Commercial/CreateSaleReturn.php	5269	70ef1481251f79c2061f8a408171a31400f5c5cdcabadd44ce09485b78862913
action	procurement-and-payables	app/Actions/Commercial/RecordPurchaseReceipt.php	4848	ad625a327676037ffb8bc3296d109db5784a366ad70aba3e570942af34df45bf
action	catalog-and-inventory	app/Actions/Imports/ProcessProductImport.php	9907	1eb93f2ba4c048cf086b565955bea50339412fa0649ece9d6d1b7195ca3b7b85
action	catalog-and-inventory	app/Actions/Imports/ValidateProductImport.php	4537	92bc48d6549cd31456d3a65f44a81c56767c5555f87c700b92280af9d0bca120
action	procurement-and-payables	app/Actions/Procurement/CreatePurchaseOrder.php	3209	dcda6cb0d68206273f0409773c9b2f27ded3cad4703bc7523c5ede2d4538ba72
action	procurement-and-payables	app/Actions/Procurement/ReceivePurchaseOrder.php	3869	a3fec6e9a2d1fedb371282b7bc2cdd381541de2af9c1d28f3fa29e2938606257
action	sales-crm-and-pos	app/Actions/Sales/ConvertQuote.php	922	41b0376264e98cca287e8897365ed0f270d3d44937609b900a93581fa42f4a04
action	sales-crm-and-pos	app/Actions/Sales/CreateSale.php	10502	6f42be7ce18cf019d27bc647b00d28b016890e6498d1c516937a615fb6491083
action	sales-crm-and-pos	app/Actions/Sales/AddSalePayment.php	3234	ddaada6d985414252b109cedc65520bcdfc3ddf17c4b10413c7c83b885ad326b
action	sales-crm-and-pos	app/Actions/Sales/ReissueSale.php	1865	06ab2a56f484df810bfc3dc325b46b8d8ea9ea2d2d7be65fcadde52e696ae5b0
action	sales-crm-and-pos	app/Actions/Sales/VoidSale.php	2685	a47dbb982108cc890f0eb3155015ae48fbddbc974a059516eb039ae354179221
action	procurement-and-payables	app/Actions/SupplierFinance/CreateSupplierBill.php	4656	e35669d4e12e22100c435d12b9c1a3edf7d92c1708cf80febc76f9e0d6347035
action	procurement-and-payables	app/Actions/SupplierFinance/CreateSupplierReturn.php	5682	9cc5808a01cb7b6e2829d59c167b5823752f8ea004673dbb2414b89aab12af63
action	procurement-and-payables	app/Actions/SupplierFinance/RecordSupplierBillPayment.php	2852	398c6d14d67ccd80359758761d6787ab990ef9595f38634695bf1d04916b8e7e
action	procurement-and-payables	app/Actions/SupplierFinance/StoreSupplierDocument.php	1298	1b96f17f7b5d2c1ba37b7a4900d7c35dfdfc1f953e6dd60cf5fe6bde6ce25b5e
command	platform-core	app/Console/Commands/CreateBackup.php	558	bd7fb9433dc8d27de629f6b05438c9924551794bb7ffc5408dac328684e37c0f
command	reports-and-documents	app/Console/Commands/GenerateDailyOperationsReports.php	1446	216124caf01abebd829ff29dd4ce9a49656e5174d74739399a63789ea0da9e44
command	lisa-ai-and-insights	app/Console/Commands/GenerateLisaInsights.php	763	dc8cb682a134d884a60886515c1a1e602eeb4b689de5fffd4133c0d46bb2d184
command	platform-core	app/Console/Commands/PostDepreciation.php	3424	9504d74b7fa6f49e87bb3398cac909fc5e6f5db1cf82931affa199cf5678d353
command	platform-core	app/Console/Commands/PruneBackups.php	943	d46d10843ce1586e80de64609574f9c28b864508213a653798bc3351d1fcde68
command	platform-core	app/Console/Commands/SendEndOfDayDigest.php	806	7bcb1c1dcf44948e488504adc6c83c5ae8d5a3cd2a3977aa592a9bc6e93f08c3
command	accounting	app/Console/Commands/SyncAccounting.php	3361	e04ce21421deded81d951c1d65ac7160c4689f5d08a5ee0d7e6854e45d00f596
command	platform-core	app/Console/Commands/VerifyBackup.php	805	6dc108f11be98b9cbc270a592e514fbe9a11b8b47eb71a5081f2c46c27a86f07
source	platform-core	app/DTOs/.gitkeep	0	e3b0c44298fc1c149afbf4c8996fb92427ae41e4649b934ca495991b7852b855
source	security-and-authorization	app/DTOs/Authentication/LoginAttemptData.php	297	9a28dfbd37c93385060d18b37b910c32e0f32bc34c1c68c68e430fc7cfabc1ae
source	platform-core	app/Enums/.gitkeep	0	e3b0c44298fc1c149afbf4c8996fb92427ae41e4649b934ca495991b7852b855
source	accounting	app/Enums/Accounting/AccountType.php	460	4cc93b17accb5fc30b058427f29404b7aeff97488940fae3a2685721b926e4d3
source	accounting	app/Enums/Accounting/JournalStatus.php	183	feadafe015c91aada26407b259da8f84e2a39bba59891c4cb3b547c7eec57aab
source	accounting	app/Enums/Accounting/PeriodStatus.php	176	2709b79181622c3db61014d2627ab400a856bfdbf531a0bd1ee3c191d146fec2
source	accounting	app/Enums/AccountingOperations/FixedAssetStatus.php	207	1769ce3fbb13b2cdeeacdb46a6a982bf16db5fbafa306b442c84537d74fd25da
source	accounting	app/Enums/AccountingOperations/PurchaseReturnStatus.php	182	0bcc1981415599daec84f35f3c52da592a7d71645bd3a4ae6fa1e81406ed1397
source	accounting	app/Enums/AccountingOperations/StandaloneReceiptStatus.php	177	fb85b91fcdcc862cfe95dc4553bf01ac65928e9fcc1382c10e87469e71847b14
source	security-and-authorization	app/Enums/Authentication/AccountStatus.php	289	ef69c9d007b7d6c11fdf58c7abbf9c8f1859bffcca6fa04f4c477e6a5884ea1d
source	security-and-authorization	app/Enums/Authentication/SecurityEventType.php	594	0c34d4754a322fb9162313d1a525f570ce2c8a63cc1798a80994e84cddcfa034
source	catalog-and-inventory	app/Enums/Catalog/RecordStatus.php	244	b51670a97c67a0d82e700416901985e2ee5b3e3ace6ffdb26a201e367464dbe1
source	sales-crm-and-pos	app/Enums/Commercial/DiscountValueType.php	163	6fff318b5a6f6fff19eba3c8f891eec66e11f88ab3a315919fb08110b02f95e7
source	procurement-and-payables	app/Enums/Commercial/PurchaseReceiptStatus.php	171	598ccb070a46c9397d99c045f73f220eecc1a0cdbcafc3d4b22479c4537de2f0
source	sales-crm-and-pos	app/Enums/Commercial/SaleReturnStatus.php	168	f63c39b359218e92357414a5d5b83d36eedcc494676c3accbd44021bdb2e143a
source	sales-crm-and-pos	app/Enums/Commercial/VoucherStatus.php	157	7d46da2dc5362d4c5c1baa1d4f87ca6c54da538b562c50847498fe2a8a26a44f
source	platform-core	app/Enums/Imports/ImportStatus.php	498	e90fb8e81653dd3c8ae138a0f4bf471defaa1ae8f1b42835526bd759bf9d2a9c
source	catalog-and-inventory	app/Enums/Inventory/AdjustmentReason.php	495	fe5da46ff6c816a8f456ce12cf0330471d0734d5d2b2fc2494ab810bde735306
source	catalog-and-inventory	app/Enums/Inventory/StockMovementType.php	296	19c26f943b75f5d0f85cbf21983c073eec2dbcb95f62d1ea016c29b81e73d275
source	administration-and-organisation	app/Enums/Operations/AdminNotificationType.php	236	8278c6b98da051fe6b19503da5fa1be9912f28b7a780173b5c802044b9313bfc
source	administration-and-organisation	app/Enums/Organisation/BranchStatus.php	259	b1710b307538eb4979196d881d0bab57fb5a0530d983e9074b3a395c2b9ee7b4
source	procurement-and-payables	app/Enums/Procurement/PurchaseOrderStatus.php	459	df6225b180b2c7d9de4244a1b261b0b76b803b690b4c09eefa470b6df79d6ae8
source	sales-crm-and-pos	app/Enums/Sales/SaleStatus.php	533	777da5d69e9011b18357d2f6ec1d5fb35aaeb28106d1ecb3b5dec526c307c31e
source	sales-crm-and-pos	app/Enums/Sales/SaleType.php	453	99f2bcfe63e68d8d567f1de461b57e193c31a648ea9e055ba9b5fba61d76357e
source	procurement-and-payables	app/Enums/SupplierFinance/SupplierBillStatus.php	699	43df172a93686a57cc19c1a06d5089a352b7cdd2695a435dc41292e67edccfd3
source	procurement-and-payables	app/Enums/SupplierFinance/SupplierReturnStatus.php	203	1c9c7c7f4566df15d69ab1509a4b54478556f237ef6c0e4fbc3cb30397ac11a6
source	platform-core	app/Events/.gitkeep	0	e3b0c44298fc1c149afbf4c8996fb92427ae41e4649b934ca495991b7852b855
source	platform-core	app/Exceptions/.gitkeep	0	e3b0c44298fc1c149afbf4c8996fb92427ae41e4649b934ca495991b7852b855
source	catalog-and-inventory	app/Exceptions/Inventory/InsufficientStock.php	540	db983f62f296872e48c0edf1ad0b96b22887eb1b097383fdc3321746b25d32f3
source	sales-crm-and-pos	app/Exceptions/Sales/DuplicateIdempotencyKey.php	151	283bab1aae485a6cbbd600be4f5e619922b76422b8ca1008b9451e6248985623
source	catalog-and-inventory	app/Exports/ProductImportErrorExport.php	2276	dbfb87f2f56aac781080d9b510969d92c24a53b4de8c6b113c666712babe4643
source	catalog-and-inventory	app/Exports/ProductImportTemplateExport.php	5602	cda8283058215b836f3779929d402ce5033980153340643139db7d9903dffe8a
controller	accounting	app/Http/Controllers/Admin/Accounting/BatchJournalEntryController.php	5192	0b65b87faf9d1e419ccd5bfacd885979df511b7f2351d7415182321133ff7ad1
controller	accounting	app/Http/Controllers/Admin/Accounting/OpeningBalanceController.php	3828	6c0168b6b3fb8edc9f0fcfe08156ee8498003e40092c246b39c75d4db5899863
controller	accounting	app/Http/Controllers/Admin/Accounting/ChartOfAccountsController.php	8188	138c89e95b195ce6e60c9f00b5dcee6766388e6bef36c7db8d51e54a6362873c
controller	accounting	app/Http/Controllers/Admin/Accounting/JournalEntryController.php	9420	7bba223dbfbc8b7548696b35097c01791163347cc349f82f50e9552210f410bb
controller	accounting	app/Http/Controllers/Admin/Accounting/AccountingReportController.php	8335	320c18f39a4d82b7815c1be466eeaa99c89884860c103fed14f7d8e387baa01a
controller	accounting	app/Http/Controllers/Admin/AccountingOperations/DocumentBrandingController.php	1519	51c5dd2604eb5c2895063c8cfde5b1125e92a7178f5f38efd3da3aa98ef6ef5b
controller	accounting	app/Http/Controllers/Admin/AccountingOperations/FixedAssetController.php	1327	a72beb858d2f9c4b8fff5d4821cb5ef356858ee6b3b2785f0561eae46f08e093
controller	accounting	app/Http/Controllers/Admin/AccountingOperations/OperationDocumentController.php	2706	3b9fef20f4f87b68be02c527f438aa040baf3739248c6ec704b1f0f98d4c005a
controller	accounting	app/Http/Controllers/Admin/AccountingOperations/PurchaseReturnController.php	2243	097008ff30cc7f88c1274ac13c4461a481d36b50f5b4c16ca7b3238233803d4b
controller	accounting	app/Http/Controllers/Admin/AccountingOperations/StandaloneReceiptController.php	3116	465082fb953f65a690d91408ea08c75ad510d46e9e578d7c8f946c6a1fc1bdb7
controller	catalog-and-inventory	app/Http/Controllers/Admin/Activity/ProductActivityController.php	1695	29e5792d6d63ec68e41af85dfc1e9e3885dcca1df60beda9a6612294b777e930
controller	administration-and-organisation	app/Http/Controllers/Admin/Activity/SystemActivityController.php	1065	942661fd47b91e7db3459b488b2538d304519f6d32c3c8896fd539ef832be2aa
controller	catalog-and-inventory	app/Http/Controllers/Admin/Catalog/ClassificationController.php	2762	adec6617128f2d6d9cbf0465172902049eba3774747472a05dacb600bb0d555d
controller	catalog-and-inventory	app/Http/Controllers/Admin/Catalog/ProductController.php	6088	9aa6b20b8da02939c98e3aa732158ff98ca7f6891d8d26d8ab98fb74b75c13fd
controller	catalog-and-inventory	app/Http/Controllers/Admin/Catalog/ProductPriceAdjustmentController.php	3717	3642de6c701ed178b41471dcf4b249bbc05c4899480c52e4585b16196841c26f
controller	catalog-and-inventory	app/Http/Controllers/Admin/Catalog/SupplierController.php	3945	101b41c3192320a08811e3fdec16f94dc528bc05577c2bafc5750777fde00501
controller	catalog-and-inventory	app/Http/Controllers/Admin/Catalog/TaxRateController.php	1760	a488eaad9d00e8b115603d0fd0b3a9979c6369766fa73fd75295fe549520d7a1
controller	sales-crm-and-pos	app/Http/Controllers/Admin/Commercial/VoucherController.php	3051	d3d0a2ec0f6e8ca2c976b48ea11208a6983419ef127cb0591167d13f92126550
controller	procurement-and-payables	app/Http/Controllers/Admin/Commercial/PurchaseReceiptController.php	2818	c092fc57782a0da0771893ef89812e2d3c4f3ba81baf1c8246286ad65c5fd8f7
controller	sales-crm-and-pos	app/Http/Controllers/Admin/Commercial/CustomerReceivableController.php	1289	e48cad1d30e8c774244ef582bb98f025602731b0f176ad92d73c0b3f537d72dd
controller	sales-crm-and-pos	app/Http/Controllers/Admin/Customers/QuickCustomerController.php	1881	cb16076d5d3ebf7a59be04daf920387a13af053a1cc19d061a635f2f5cddb478
controller	sales-crm-and-pos	app/Http/Controllers/Admin/Customers/CustomerController.php	4587	62e35a3299654338d77563facce50c79290d4250193fe2bebed34b956f2179cf
controller	catalog-and-inventory	app/Http/Controllers/Admin/Documents/ProductBarcodeController.php	625	9ad798d93710ec4418337b5b38846a301a479f00d9fd89d9e94e89e37384de46
controller	reports-and-documents	app/Http/Controllers/Admin/Documents/SaleDocumentController.php	1551	d82236a7988641e479646d8fce37e13a218e64985a42287ab6b24859effc5171
controller	catalog-and-inventory	app/Http/Controllers/Admin/Imports/ProductImportController.php	3757	89e6a86fc4523f53b9205c77399b222659d6c9035d4b332b35d8270f1eacf3ef
controller	lisa-ai-and-insights	app/Http/Controllers/Admin/Insights/LisaChatController.php	3965	949af50a20912aa1adb76a2a01c10ba082a24e6a933eefd30969c87250cd704c
controller	lisa-ai-and-insights	app/Http/Controllers/Admin/Insights/LisaInsightController.php	1653	cf4963e3e9e08155358feae466140f7830fbfa7c99653426543995c25bbc57dc
controller	catalog-and-inventory	app/Http/Controllers/Admin/Inventory/InventoryController.php	8846	6cc2ee3650d24792335228da56c7627001ad0b2244277f93551b15a91aeb3844
controller	administration-and-organisation	app/Http/Controllers/Admin/Operations/AdminNotificationController.php	517	27dbf7882ebb1c8a5f2ad44c8e8b879479bac2d70dfa11dd125ae388c0cf8755
controller	administration-and-organisation	app/Http/Controllers/Admin/Operations/AlertRecipientController.php	2185	4e331b082cad8563ddd2e14011fac98c32ad0d14b12fc1debd194d7144e9a157
controller	administration-and-organisation	app/Http/Controllers/Admin/Operations/BackupController.php	2057	e08935a2b272bd8f17daa1b837c9a3269e7f2c2ad12ea9194f61ca5fcaf7256a
controller	administration-and-organisation	app/Http/Controllers/Admin/Operations/BusinessSettingsController.php	2071	96ebe2b744067527d3c1a86276a9b75c3be3ad01d8e919d35255f8b7f8ae04a1
controller	administration-and-organisation	app/Http/Controllers/Admin/Operations/CronDigestController.php	1444	6dad20ab066dbc5bbd2c9b387bb6b56df3515c5f7e69bc8f046937c564b27855
controller	administration-and-organisation	app/Http/Controllers/Admin/Operations/StaffPerformanceController.php	3715	c550479da59c22c7bcb0077f05eaec10c4493781f2deb6ed0b39201af416d1cf
controller	administration-and-organisation	app/Http/Controllers/Admin/Operations/AdminDashboardController.php	5719	b599eb95838d1cea14e78df6787ad65b4cde3ab42f25d0cecf5e5e91093a0cea
controller	sales-crm-and-pos	app/Http/Controllers/Admin/Payments/PaymentMethodController.php	6328	79105eee907d12c2e2ba71a9eb2edb9f485f9f34bbac19a9c230e9d5ef3f6526
controller	procurement-and-payables	app/Http/Controllers/Admin/Procurement/LowStockReportController.php	725	4a78f2434cc3e51ad120acf91e4c45b42b66165fc16bfed174554cc7c5751fac
controller	procurement-and-payables	app/Http/Controllers/Admin/Procurement/PurchaseOrderController.php	5292	c15e5def1dc2cfe4f6a85e5f92197b88832c66773a46da3385fbc26ea6f7d109
controller	reports-and-documents	app/Http/Controllers/Admin/Reports/ReportExportController.php	6297	adc524b79b790d41a15432e0ab317f0191b188a668eb62a29d15ac474a1c6914
controller	reports-and-documents	app/Http/Controllers/Admin/Reports/ReportsHubController.php	3886	0be72651d846de958df8d3f8cbf3afd4c9a0b54f17d28876e6ca55f66c447380
controller	reports-and-documents	app/Http/Controllers/Admin/Reports/AuditLogController.php	2907	14c2ea6c2ff8751b1ce9b04e8f85221189df2fc8787c0c73b4f331a0a41350dd
controller	reports-and-documents	app/Http/Controllers/Admin/Reports/UniversalExportController.php	2805	579d533ac18438ea6fa11b00ca8b66d4547f70face4b29d5bd764cb93dd03432
controller	sales-crm-and-pos	app/Http/Controllers/Admin/Sales/SaleController.php	13204	97d6f315c45d7bf6605514a88b48a962ea836a586cf8e7f5a405b86c222de10d
controller	security-and-authorization	app/Http/Controllers/Admin/Security/LiveSessionController.php	2090	c406f425c66a0525bf35716101091c4cd0dcfe88e90b5cec1d5326ff155d0b62
controller	procurement-and-payables	app/Http/Controllers/Admin/SupplierFinance/SupplierBalanceReportController.php	1805	6e1dc59584588cc0c83babfee1400730741c20f2f1a4df5c4fabf9bf65a91610
controller	procurement-and-payables	app/Http/Controllers/Admin/SupplierFinance/SupplierBillController.php	7387	6b57831de5273897b370ea52a020a936b1a8cd2676764751050632580ce3b32d
controller	procurement-and-payables	app/Http/Controllers/Admin/SupplierFinance/SupplierReturnController.php	3542	e600a9ba771e48bc862edfce763d7252fc7429288cd5dc650b733be15143feea
controller	administration-and-organisation	app/Http/Controllers/Admin/BranchController.php	2041	9e01db8e9214f92ec76023ea6372821c82fb573d82044650d3ce883a0b0d0f75
controller	security-and-authorization	app/Http/Controllers/Admin/RoleController.php	2220	250cd6af43512b8046b5472e5e27c6d3c7e7da6e7211493065c126f889b419a7
controller	security-and-authorization	app/Http/Controllers/Admin/SessionController.php	1627	50fc538e208e5d621eafcb09f8f527cf475e45db71b1a134c79f99d9ade0a655
controller	administration-and-organisation	app/Http/Controllers/Admin/StaffController.php	5916	51e60318d91a72e3605afa021a1dd5f8748b2b1c2fb9b4e0affafb9be548a99a
controller	sales-crm-and-pos	app/Http/Controllers/Api/V1/CustomerController.php	1311	1a025bd34e41eb4d00693d18956f44594d36470f4cd28fc5436d5d1a9184f271
controller	api-and-integrations	app/Http/Controllers/Api/V1/HealthController.php	485	9496abbdd0fe16baba8e8e9c5367d97b2cf5da20e95df578ffee974c5a3c816b
controller	api-and-integrations	app/Http/Controllers/Api/V1/OpenApiController.php	375	157d6a9a7f0ce7cdbcf63276b5e869cae5b7694979a5df9b8b995f0cdae77472
controller	catalog-and-inventory	app/Http/Controllers/Api/V1/ProductController.php	1461	32a7a876f8aa3434851c80b341d61efec13a7e118d1e87b707ee65bcb34a2237
controller	api-and-integrations	app/Http/Controllers/Api/V1/ReportController.php	1909	3ee300451b59431421239a314814d4d4191eb5ea545ceb58e7f03f6574f08b52
controller	api-and-integrations	app/Http/Controllers/Api/V1/SaleController.php	1584	5a25633eca430ef1cccd4d6748529fe582767b4f41fe1b6062598dc9cd264141
controller	security-and-authorization	app/Http/Controllers/Auth/AccountSearchController.php	976	272a4898db33641c256869f1605e972d6660702f68587ac346ae7fc19c33db31
controller	security-and-authorization	app/Http/Controllers/Auth/AuthenticatedSessionController.php	3040	63a527741856975f013f76e4c52308e37107f789655dfdaca131580cbaf6354a
controller	catalog-and-inventory	app/Http/Controllers/Catalog/ProductLookupController.php	1255	fde4bae1582beb6410e767cfd1a96f4f91ecafa4e45f4a506d4a09a99c34d0fb
controller	platform-core	app/Http/Controllers/Profile/ProfileController.php	2375	755ce82274888a68aaa47ebc4b9716dd89caddb729be30eeba4c18e1a7c33ca4
controller	platform-core	app/Http/Controllers/Public/SaleVerificationController.php	733	01f4593a8aa85338d222161c29460d53b9029e0ae42a9ac4d66322d092f5427a
controller	sales-crm-and-pos	app/Http/Controllers/Staff/Commercial/SaleReturnController.php	1660	0bd05a3a6e4c919e4c650c262d22cc0316c54decc149159ff96362ce1480902c
controller	sales-crm-and-pos	app/Http/Controllers/Staff/Commercial/SaleSettlementController.php	2790	a7e12857bebee5bcbc361ed4b87dce27b8575849c3b28abe8df7ba2582a93020
controller	hr-and-workforce	app/Http/Controllers/Staff/WorkforceAnnouncementController.php	562	a011f3ab4f33d91afa6be8c828fc972ebaaa67419251a082c4abec3f05afe1e7
controller	platform-core	app/Http/Controllers/Staff/StaffDashboardController.php	1191	14712737e8cb6a6cafd2144dc3a182782b69305ded0ba807098855ad8676787c
controller	platform-core	app/Http/Controllers/Controller.php	77	25d1c1ef8e6cc8a376553faacfba2b07d9dfaee9bdbb84f14f77517580e9deb1
middleware	security-and-authorization	app/Http/Middleware/AuthenticateApiToken.php	1461	e0131cec9f74e79afae5d85d5cf38c1f979297833458fdc0ef5a994efc089436
middleware	security-and-authorization	app/Http/Middleware/EnforceSessionInactivity.php	1254	812844d7c62b1e43fa9d09d60d61b6f6704a6ea36feacf7b7be8a9ae20a54de3
middleware	platform-core	app/Http/Middleware/EnsureAccountIsActive.php	843	58bfdfad72f922fdc20451f60d5e97d3bb6e0faf0859905be310b697df7d0e4a
middleware	platform-core	app/Http/Middleware/EnsureSaleVisibility.php	740	a5ce9a5e6a33a7fc1da1ed8fd77fd0c63a4f1b98a3351f8456b71b8177246ef9
middleware	security-and-authorization	app/Http/Middleware/RequirePermission.php	767	27b92945d8c98b8bbd01876b42d826c792d5414178ddc90be258ffbde96a0dcc
request	accounting	app/Http/Requests/AccountingOperations/StoreFixedAssetRequest.php	1269	d695a89890005d58e6644babe1747ded0714574bb6b6469e7bcb2980ac122867
request	accounting	app/Http/Requests/AccountingOperations/StorePurchaseReturnRequest.php	1086	a1bc10e6f4ce2f5f0e0e0692e7819c15ef0ac7a4f41af703260a99743049d8c4
request	accounting	app/Http/Requests/AccountingOperations/StoreStandaloneReceiptRequest.php	1197	936c537ac2a5e6350bf4812512fbf4c45200c88dc6942fb25cac95879c48344e
request	accounting	app/Http/Requests/AccountingOperations/UpdateDocumentBrandingRequest.php	1028	def8a9f8f9347702efceb70a8ce57e8a91b623b5068153a87f5fced05dc78b3a
request	catalog-and-inventory	app/Http/Requests/Admin/Catalog/BulkPriceAdjustmentRequest.php	830	1424c43f71d1e54d4cb3d418b1cde419b36fb1afac78599424cf452c95bd513c
request	catalog-and-inventory	app/Http/Requests/Admin/Catalog/StoreClassificationRequest.php	590	cc9cab3fd63813402bbea6e8012db7413f376a55a7bb04e227918141e5b8c64e
request	catalog-and-inventory	app/Http/Requests/Admin/Catalog/StoreProductRequest.php	1385	099e79e0ba3e2dcf297823191dd15e0c9ee979a0f69ff6a4a38d7b1464732dd7
request	catalog-and-inventory	app/Http/Requests/Admin/Catalog/StoreSupplierRequest.php	1379	00584b87dc3661c0b46bbe04f6740244eb48ca12626d83118fb9ca903076a7c2
request	catalog-and-inventory	app/Http/Requests/Admin/Catalog/StoreTaxRateRequest.php	576	685fbfc2732ab43451b96d72e7e4e64686958798d2218199dab1711990346bc7
request	catalog-and-inventory	app/Http/Requests/Admin/Catalog/UpdateProductRequest.php	1445	4c752bf9f0063855f020e52adab8423a8f28487d2c64a54b939d6f0cccc2156a
request	catalog-and-inventory	app/Http/Requests/Admin/Imports/UploadProductImportRequest.php	667	048d96a6e1ef4b7bd1ab80f918dd2b539d46bab05ef1650bf449468e170530f6
request	catalog-and-inventory	app/Http/Requests/Admin/Inventory/StockAdjustmentRequest.php	938	ae01004e0871210fbbe5aaf03182d8a499794385e95cfa7868c6337c5b4e98b8
request	catalog-and-inventory	app/Http/Requests/Admin/Inventory/StockIntakeRequest.php	690	46f0c9a1e2a9283aaeab6013fbf27f16c3b449f57f14aa006a41ac2681b75b3a
request	catalog-and-inventory	app/Http/Requests/Admin/Inventory/StockTransferRequest.php	734	6b809125799453e3f30297442010d8340d747011c3ac205f418ed6857d874aca
request	administration-and-organisation	app/Http/Requests/Admin/Operations/StoreAlertRecipientRequest.php	630	33dcb4fb33e3bdcb93b462fb759cf44fdc3365468072078fc66508364717d8cc
request	administration-and-organisation	app/Http/Requests/Admin/Operations/UpdateBusinessSettingsRequest.php	1070	304882ece6e7231c728341192bca191434833ebfbecd1868b1f2707805c05de8
request	procurement-and-payables	app/Http/Requests/Admin/Procurement/ReceivePurchaseOrderRequest.php	669	c57c0731016503032b3573dc46a97a4a8a4fc31b619d397178d0c9f2a3459a90
request	procurement-and-payables	app/Http/Requests/Admin/Procurement/StorePurchaseOrderRequest.php	977	f4281c6faa3f56703d442bc729a2022c3d628b6163ee661aaed505df3341c2f2
request	administration-and-organisation	app/Http/Requests/Admin/StoreBranchRequest.php	690	0f4189909ecc222d45b037174d00c9fe11b16fb61ed8ecf37a3d5e3c4d2d9de3
request	security-and-authorization	app/Http/Requests/Admin/StoreRoleRequest.php	824	e090f6735ed9928d5c3a6f925e7a90a1843e039cec520da1f0ca7fae0efd0e74
request	administration-and-organisation	app/Http/Requests/Admin/StoreStaffRequest.php	814	10ea38a8a7279c6ad9aa8d52c7c03e6e710287f9c0123a2e19b52f7f88a96b12
request	procurement-and-payables	app/Http/Requests/Admin/SupplierFinance/RecordSupplierBillPaymentRequest.php	591	ca75601572e8554ee2a5a97a173e17080314663e0cd4d9f5e57519edf779decc
request	procurement-and-payables	app/Http/Requests/Admin/SupplierFinance/StoreSupplierBillRequest.php	1814	49f96e45aeb2f4a8859a9365d325c497c1013f7bbeb25893537fad8b6099e561
request	procurement-and-payables	app/Http/Requests/Admin/SupplierFinance/StoreSupplierReturnRequest.php	1069	4903c155bed47991e34fddac6f7572ad1071f23da063cf1a449b58ac1cd570de
request	accounting	app/Http/Requests/Admin/Accounting/StoreLedgerAccountRequest.php	1010	836f6c1453907c15b8e662b7daf67350f38d927f7630b6a5a190aa8bd776cf23
request	accounting	app/Http/Requests/Admin/Accounting/UpdateLedgerAccountRequest.php	638	b561423a145e06402936f49c74b96e6bb170e100699cbc7016c74574f77eeaa3
request	accounting	app/Http/Requests/Admin/Accounting/StoreJournalEntryRequest.php	1871	10a16dd516531d9175f448227c27cc8a3476cd3dc6ac527cc9e4e841912c7116
request	accounting	app/Http/Requests/Admin/Accounting/UpdateJournalEntryRequest.php	1872	36b8e64a1651e16704bc85e37044110d8bebcc10f0a7add6f939bdb3b0c3d815
request	api-and-integrations	app/Http/Requests/Api/CreateSaleApiRequest.php	1448	63eac7d55b6cbe17287c804252785e99b4f88a53c427b32f7f6a0d10fac63389
request	security-and-authorization	app/Http/Requests/Auth/LoginRequest.php	917	4ada3c698744c0dbb8eae82497bc616314f4000ab27c88e935f994e9c38e3baa
request	procurement-and-payables	app/Http/Requests/Commercial/StorePurchaseReceiptRequest.php	1206	38538b4ef2cabe4ba902ad476728eb2b981d34e536b567393fce2c5d863121a8
request	sales-crm-and-pos	app/Http/Requests/Commercial/StoreSaleReturnRequest.php	874	544f0d9cee22a603c039297141482abd3244f5d9f7e793cb3616d810e95264f8
request	sales-crm-and-pos	app/Http/Requests/Commercial/StoreVoucherRequest.php	1221	050012373e932f8afc6999cba8e54f1bc649a70d21446fe6829401b5a38e040e
request	sales-crm-and-pos	app/Http/Requests/Customers/StoreCustomerRequest.php	743	08e468e4b982e8f7274694d12bc4261c8e1178d0bba0237596d0a54a704302fc
request	sales-crm-and-pos	app/Http/Requests/Payments/StorePaymentMethodRequest.php	929	91fe2cf1dbeee137314bbee9ef325be8827112f01e3aa9f425c03d5a631b8466
request	platform-core	app/Http/Requests/Profile/UpdateProfilePictureRequest.php	798	e6b99f213937c27e2d5d66f1b70cc9fcb88136165da64eb5b2ae3ffde9be07b4
request	sales-crm-and-pos	app/Http/Requests/Sales/AddSalePaymentRequest.php	564	96a571df90128e083b7694caac86aada10d63792224e390182bd86a127c4a16f
request	sales-crm-and-pos	app/Http/Requests/Sales/StoreSaleRequest.php	1497	14f383ef2a8b78ff9700d0ba1a52e1ce8a36252d7c3616b7589f3485808ac2b1
source	platform-core	app/Jobs/.gitkeep	0	e3b0c44298fc1c149afbf4c8996fb92427ae41e4649b934ca495991b7852b855
source	platform-core	app/Mail/EndOfDayDigestMail.php	906	02def7972c753b6b0bba84e73c4d9b63166b13c6f630386c122a5a2c3aaab591
model	platform-core	app/Models/Account.php	2218	adc64087933e85c108f95aed01fdcb653d6c1fb082ae8edc5d5779b29ce2448d
model	security-and-authorization	app/Models/AccountSession.php	854	1515b02dbe158ea8ea305e1f388fc6929110a8cc5c9292b0205e638207b3bb8c
model	accounting	app/Models/AccountingPeriod.php	889	014ce49fcf786bcda2757d387955dea10aca19ac567a6e885efdde5ad8daec4a
model	administration-and-organisation	app/Models/AdminNotification.php	863	b74f1fbd04f6efb7166f982d28dcf17852ec7179a55c113b366a26eef19e58d9
model	platform-core	app/Models/AlertRecipient.php	821	ba39273e077ccc9710668d917b2e8c8039f8a5acd23e4781a6afc84abb875c27
model	platform-core	app/Models/AssetDepreciationPosting.php	522	4f9c497fab70db2ca2eb1c46b8d2e09ac6e8ee474b37ac3f3c8090ebd06854e2
model	platform-core	app/Models/BackupRun.php	748	83f6488993880c1a1262cf6b89ad3fb0544803293bbe7ba10025fc6548b8c928
model	administration-and-organisation	app/Models/Branch.php	966	3d07a28c48d421b212c20269f97567f1b6a0770299e652b1de1e955aa0830867
model	platform-core	app/Models/Brand.php	730	bd7a830ab02657ebcdd7494c2f350e90d2b4015cc39e4e5a8b1144de36fb9742
model	platform-core	app/Models/BusinessInsight.php	706	e6b028c30f13b22dd7ae0fd10014c3ea8f71dda6217c444d535f2dc27a875164
model	platform-core	app/Models/BusinessSetting.php	1076	fae402fe4024580502dcab56efcb3d668aa10068ce8a497cffef0caf5413b1e0
model	platform-core	app/Models/Company.php	615	30bf87b46e83d3f72f1773287290d2fa7ed66f36f2c368afd98c229841091139
model	reports-and-documents	app/Models/DailyReportRun.php	531	aeb3c90272e3e4dfe65c1ac853cf11d6cda1068015e8e18c108e06177b091492
model	sales-crm-and-pos	app/Models/DiscountVoucher.php	1713	726059ea1d97e524a64ebf8e6208212cf519c3c11229d435ba91f3d833cbb6b6
model	reports-and-documents	app/Models/DocumentBranding.php	434	4c543199d45d248df1c8c5c875a1372ded520a91be229634b866c6d483783909
model	platform-core	app/Models/EndOfDayDigest.php	783	3db319fd484dd1ecc28c8e2853994cf4eafa437da97820da8b970d34825bf45a
model	accounting	app/Models/FixedAsset.php	1233	776fb14702a28d4a6cde4901958e1b87e42ae30c554e2c6ae0a217d200ab8c67
model	accounting	app/Models/JournalEntry.php	1505	1f442cc3d36d89662420cd8ebd3116e593486a507d0744ece53ec7420bd184b5
model	accounting	app/Models/JournalLine.php	1274	99c395d7f09c43ce9d059d56590fe3c14d62da18c2bafd7198525ce00206e616
model	lisa-ai-and-insights	app/Models/LisaConversation.php	842	5aac5ba696f3c27f39c49420e002241cce05abd9c8dd08024c8b3991e7e634ac
model	lisa-ai-and-insights	app/Models/LisaMessage.php	429	7c3912a2d77733fd693509d2fc76a76de79c3a3d26df400840752c8a81aaae42
model	catalog-and-inventory	app/Models/LowStockAlert.php	1177	f0be10dd77439a0f98ea882865edc3b769f94a86d139658ced190607677bad67
model	reports-and-documents	app/Models/OperationDocumentLog.php	537	573f12e6ffbdfee1a948c61d93520ad5dd21ebb4684194c6d25040f698a6497e
model	sales-crm-and-pos	app/Models/Payment.php	976	476f01440693cf3bea3c3e6ec945cf4c60cf607a2dafeb3e8ee6a4545ef399aa
model	security-and-authorization	app/Models/Permission.php	718	72b32709b436f7f712a41f618f4b11b908a923d2fb8f17ad0b50a3c54427e03c
model	catalog-and-inventory	app/Models/Product.php	2116	ed39e4ca3b632853a144709d3cea400919c747266927dd15fcc5fa0fb2052bbc
model	catalog-and-inventory	app/Models/ProductBranchPrice.php	860	4b0ec5d36ff437b3c439f84a422e0c4b6d9ce48216aabd0405dcef51e0f0bc03
model	catalog-and-inventory	app/Models/ProductBranchStock.php	1192	f5f2d653016213a89d9e3cba5124527adf0459aaf1b925f676eead48ea988c00
model	catalog-and-inventory	app/Models/ProductCategory.php	767	131ba7b34118eb8ed8b8d908f39dde6bb25c06328525f5b6face9d70ac5e6336
model	catalog-and-inventory	app/Models/ProductImport.php	1770	990626bc12fb70f3af9f0b0bf0f2137a2f4fe050eaae5f92150a6160f6a14631
model	catalog-and-inventory	app/Models/ProductImportRow.php	952	c81b273df41f2568c1c3cf398cea88daf5f39e10ed8f1c65f6ad77c927ac06f0
model	procurement-and-payables	app/Models/PurchaseOrder.php	1641	64cfc8032fe2821672184d6bf277dc7838b8e72b28ead457528d3519221e90bf
model	procurement-and-payables	app/Models/PurchaseOrderLine.php	1449	47a79e31551ea5da10048a894c7c3489dc5f5c3de33cb2a5d2ae27bbe11e4d15
model	procurement-and-payables	app/Models/PurchaseReceipt.php	1168	27a16ee661c463baac05f3456a5e8ec1ef11b104f604c398a17fe4b2cff77536
model	procurement-and-payables	app/Models/PurchaseReceiptLine.php	728	a84be2006df7e9dd835f1590dda25af47daa7c78c59997bd1fc1278a2ad1f635
model	procurement-and-payables	app/Models/PurchaseReturn.php	994	d8fc6cbe9bc1d16acfb7ec211d509d7545269c70c827fa11221822bc319691c9
model	procurement-and-payables	app/Models/PurchaseReturnLine.php	638	bcdaf7a3e2c5663f73e3c001085d0f1fe65e47d8f344d5c7f89dbd81783eef5e
model	platform-core	app/Models/QuoteConversion.php	518	8fea3f074908388ed3554c29f82b2f57eb15f81a32639573cfc76a6a533045cd
model	security-and-authorization	app/Models/Role.php	1183	1951da8f50ccc03c378df2730af66d510f61c6cf1ec366b560ef51c5ec96ef8c
model	platform-core	app/Models/Sale.php	2504	701ee5064a7c762e0908b36e988c33aef164f26dfcf7282c878f0c9fe2549938
model	platform-core	app/Models/SaleItem.php	1376	3cf76eb5724d23703dbfa30aec9e6a814d3a4b6febbb6f9723aab2e940e4dd54
model	platform-core	app/Models/SaleReturn.php	1145	465df20e166e924bd0bd57c1cdcc0bccc19ebce2b69ee2b3288f5a286210a7bc
model	platform-core	app/Models/SaleReturnItem.php	610	b6251232e8f0d3874acbd400d9d3e088ee8f057e3a296e64798a15eb4adbe2bd
model	security-and-authorization	app/Models/SecurityEvent.php	830	d4fdb472d92f047849382c11b775ebabfcb99edbc2e4b4d5cf6f2aa29a53249c
model	platform-core	app/Models/StandaloneReceipt.php	836	2873e2aec2099eecac9a4963abc6d03d54a2c596581941daba00b7141cd3e802
model	catalog-and-inventory	app/Models/StockMovement.php	1558	985fe2fb8d5ebebc6ab99fe051d5fb8de299cf91a90d9d60d37e5d469626cbe6
model	platform-core	app/Models/Supplier.php	1030	ba37d2f350c3fa3b149241191e3a786acd720780732832bd3df556e5dfe12d88
model	platform-core	app/Models/SupplierBill.php	2446	2bbe7a226741b7f4db153e918520391235460f6c85bba7fed2bf0280850b795c
model	platform-core	app/Models/SupplierBillLine.php	1279	a19d1769ad8c12c20bdbc9a7919e4ace66a6509791f3834d4b96ef4d038337f0
model	sales-crm-and-pos	app/Models/SupplierBillPayment.php	1035	5e7efbbe931829506652919706ada1c1eaf4a440f175f77d53653145371be05d
model	reports-and-documents	app/Models/SupplierDocument.php	1014	3f3414f09426a7ccd753a86742eda472136b06a080fbfa3a9ae8210f477674e1
model	platform-core	app/Models/SupplierReturn.php	1631	ee12f8b780be1b3cc5e888b57423f5b16954b703c8c988284c15b53af7250bf6
model	platform-core	app/Models/SupplierReturnLine.php	1051	89e8f0da49ce1b6d021e51f3d7b98e52e51199c78fafa3b8200f6532ce69f4da
model	platform-core	app/Models/TaxRate.php	951	de341bbf034f3cd54254c5b845c62963586148b9bfabb47ff217941e787a49e3
model	sales-crm-and-pos	app/Models/VoucherRedemption.php	592	6c3dd80b34ae7d9237e59036e685ef604704a44fc5c9122115fdc38d4de3dab2
model	accounting	app/Models/LedgerAccount.php	1350	53fa00497fc58bd020097fa064cda6199b87d372967dfc8c7e3966a7e366ef3f
model	sales-crm-and-pos	app/Models/PaymentMethod.php	1033	8aebdf3d5e92b9f8ca02d02c65d08e7f2914b52ae06adfc2283b653af8493d7a
model	platform-core	app/Models/AuditLog.php	1156	82a33b58ce66d50af3df52e1e756dc4ac3680f8632ae01ba25de49f325ef063d
model	sales-crm-and-pos	app/Models/Customer.php	1870	851fb293c2edacd4693a24b5996152cb7ef70e9a7b81bb6e7525b2412b3b7cc8
policy	platform-core	app/Policies/.gitkeep	0	e3b0c44298fc1c149afbf4c8996fb92427ae41e4649b934ca495991b7852b855
source	platform-core	app/Providers/AppServiceProvider.php	666	99bf738c0731a5022f031c129c52d5798f4e49df52a20625eb3a194728ec32a1
source	platform-core	app/Queries/.gitkeep	0	e3b0c44298fc1c149afbf4c8996fb92427ae41e4649b934ca495991b7852b855
source	accounting	app/Queries/Accounting/FinancialReports.php	9859	43e13925437962bd3f1d3a89385932d3500f88303efe2aead836844c93889ac7
source	platform-core	app/Queries/Activity/SystemActivityQuery.php	1708	a1c5f736888b3f9ee2e8187355e3b7bf3aa61996550b6a7e84e833ad06d7f5bc
source	security-and-authorization	app/Queries/Authentication/SearchActiveAccounts.php	1381	35704d275f27d57f2d806085700a873ae51d3e94df7f42378e0cfc393099d4d1
source	sales-crm-and-pos	app/Queries/Commercial/CustomerReceivableQuery.php	1664	5bd67b58942ed4d16b8d2fa86eb5a546e0361400aedbfd5a5b9d7fa69df171d5
source	platform-core	app/Repositories/.gitkeep	0	e3b0c44298fc1c149afbf4c8996fb92427ae41e4649b934ca495991b7852b855
source	platform-core	app/Rules/.gitkeep	0	e3b0c44298fc1c149afbf4c8996fb92427ae41e4649b934ca495991b7852b855
service	platform-core	app/Services/.gitkeep	0	e3b0c44298fc1c149afbf4c8996fb92427ae41e4649b934ca495991b7852b855
service	accounting	app/Services/Accounting/AccountLocator.php	686	bc8fd6efc4ea16ef47d106eb56694bf5ac44504a7628cd5aec164f2ba01ddc3c
service	accounting	app/Services/Accounting/JournalPoster.php	4022	189268c6289013d160ca13c05e31a2456f2437ec3c196752a4d2745a7f3c7073
service	accounting	app/Services/Accounting/PeriodResolver.php	850	6d4abb92a9f0bc8889f034779337ca7c3ebb895327b4c95f39388c67b22dd69c
service	accounting	app/Services/Accounting/OperationalAccountingProjector.php	10680	8cd7a4874d7e467e36572494cc94b3b2f50b3c8360a9e353aa978f25866cf78d
service	api-and-integrations	app/Services/Api/ApiTokenGenerator.php	595	9cfd76c9d39519a4e5171a169b448433e261abd51dc017bfcc808f52194e8a04
service	security-and-authorization	app/Services/Authentication/AccessKeyAuthenticator.php	1004	a94683384c8eaaa456fdbb23938b482006cca506cbb768bab9f8683342dcd714
service	security-and-authorization	app/Services/Authentication/AccountSessionManager.php	1152	fbad4afe47ad3a6699a19f3f54ddeca7a2b3f963f9fac3d1f5680825b88e7642
service	security-and-authorization	app/Services/Authentication/SecurityEventRecorder.php	1032	eccb62c3a287ec3588017dd92ea512d482733c9aca38feb12dc3689ccf0271dd
service	platform-core	app/Services/Backup/BackupArchive.php	1115	119da6c013e86939835256102651d56519433a99401cebfb4108619d865646c1
service	platform-core	app/Services/Backup/BackupIntegrity.php	586	775e446c5ef0c82810a666943943691b05ce9682107da84002080b94f29542a8
service	platform-core	app/Services/Backup/BackupManifest.php	718	896661ece6915491796106294e98ad6f5602679c82f4285c700ee528078c51de
service	platform-core	app/Services/Backup/CreateApplicationBackup.php	4282	32e1625e93d1c6d3afd08da01048dc5883b85fc86dd0f88212ce1704923ccf58
service	platform-core	app/Services/Backup/DatabaseDump.php	2308	6f33887005fba5c24216a988e03580d486383f5bb2f5bb9f1af692f39e69c0c3
service	platform-core	app/Services/Backup/VerifyStoredBackup.php	1489	2be247a85dbc83c5c3263e690a8396c411d271ebe46adc6dae2317227df96f61
service	catalog-and-inventory	app/Services/Catalog/MoneyInput.php	338	ec334ca3454f82ef5294533fd257fe9ce60aca82702485969f547fb6712cb645
service	catalog-and-inventory	app/Services/Catalog/PriceResolver.php	440	0a33f6da6e96aa8b7d763f836eb9d0c1d3448251fba2501b71ed687cf150da7e
service	catalog-and-inventory	app/Services/Catalog/ProductLookup.php	2366	4d5aac5fe9e98c9c53c8e62c9dc79589b88bba0fd6252dc3884316461eddd631
service	sales-crm-and-pos	app/Services/Commercial/SaleAccess.php	390	08b127a877d3e2471bad0f2031f01b06c6966b8b2d0da8698d07d155df42bc80
service	sales-crm-and-pos	app/Services/Commercial/VoucherCalculator.php	1136	05549b9b65306bbc25e3ed80a56691f3e483d6d277eeefab93845a5efda05879
service	sales-crm-and-pos	app/Services/Customers/CustomerCodeGenerator.php	436	f22ee774789f76339b8b8db375e6834ed10d8fbe20c88d80374910c7a0d6857c
service	platform-core	app/Services/Dashboard/StaffDashboardData.php	1974	598e57543c43f96a0164ad8b72b926c1836a5e101caf3a63987b3ee19c29c6d6
service	reports-and-documents	app/Services/Documents/DocumentBrandingResolver.php	1616	f016a17c474ed64245d47b15ffbd3feb6763103bf91cbbd526a1dda1f2c52e98
service	reports-and-documents	app/Services/Documents/EmbeddedQrCode.php	437	2bb5bc37da094526f3ddb239eee5dd304a6ccd3eb8fb81a1cad5db6f5285cb25
service	reports-and-documents	app/Services/Documents/OperationCsvRenderer.php	1783	94ad141ef49569cb3d491a42a5c50155b61719a0491241ecaa742bfb5d799e5c
service	reports-and-documents	app/Services/Documents/OperationCsvRenderer.php.before-csv-fix	1705	c0b69c9d635f4745bc18af51635807bd8bd769c6f7834aa677253da5cc80a6ac
service	reports-and-documents	app/Services/Documents/OperationPdfRenderer.php	851	95bbab15a306c732c22a8ba629ca128d60d9bdc0e76c7064f48dfd33c8cb557a
service	reports-and-documents	app/Services/Documents/OperationReportFactory.php	9656	064e781d45ba0853f5e72df20c269266a56948519b07ebab03f0c525248d1b46
service	reports-and-documents	app/Services/Documents/PdfRenderer.php	647	3fc48576eacea0f55751db97f1732aacb29ab87bba1020f1a0320078257c7c8c
service	reports-and-documents	app/Services/Documents/SaleVerificationToken.php	473	1e3c50c740d018e49946be8cd78f9021592dcfb3505e1088833acafb276e4033
service	reports-and-documents	app/Services/Documents/SaleDocumentData.php	1372	6be6174be787a11950c87f5fc172bb3c5d30c8b48f7306ca82ef3c9f62843bf8
service	catalog-and-inventory	app/Services/Imports/ProductImportValidator.php	4272	97bc32dd25687b93f648480329f61cc2c9570b6c1132bf0af6864f5811d6e65b
service	catalog-and-inventory	app/Services/Imports/ProductWorkbookReader.php	2059	a6f2cd3c82cba72f872c66db487459f24c17405094718521510d156f5bdf4792
service	lisa-ai-and-insights	app/Services/Insights/LisaConversationEngine.php	3870	77d829f4e261648f09a5aaa58e588860fa5531b84ffa361cdbedff830495df8b
service	lisa-ai-and-insights	app/Services/Insights/LisaInsightEngine.php	4508	b233206c301b3fc3733647531c80dac198bfb55dbe2a8b94ac3f05a5b5f830ca
service	lisa-ai-and-insights	app/Services/Insights/LisaBusinessContext.php	7662	61cb80d46c53ff43f9c33dbf0cb606c0d5db11b484bdf6a165f49bea721378c5
service	catalog-and-inventory	app/Services/Inventory/Quantity.php	1176	32d5914554c7524d1dbfb110948a544462d09461c17608291f26d0bda054c466
service	accounting	app/Services/Inventory/StockLedger.php	7043	b5c50af013bbe86304f069e78eeb470356360318b9572cbf7c141bfb02f04318
service	catalog-and-inventory	app/Services/Inventory/StockService.php	1573	1a0eb97cc86e36786d3d19ea8d2b0d8e700cd64996917f483bc32a57cce95b4b
service	administration-and-organisation	app/Services/Operations/AdminNotificationService.php	1953	6259f5a63bcedd0b8800ffb4f73df2b17df65b9fe61fc0bdfc77d02acb9dbf5b
service	platform-core	app/Services/Operations/EndOfDayDigestCompiler.php	7925	cbc526b75c9e93a3f5bff5af7bf39a627e74748449072b7aadaf86cab77bb5a4
service	platform-core	app/Services/Operations/EndOfDayDigestSender.php	2773	65ac68afbc2ba7e12f90388d82d6f34f4d2e374fda5244f7268d3d313fd22174
service	administration-and-organisation	app/Services/Organisation/AuditLogger.php	1547	7ebd031877e4ff2c567d12de79a4156e2900abe666a20de6bf421e8c5ae85b29
service	administration-and-organisation	app/Services/Organisation/BranchAccess.php	920	637b4e0dc415fbb177ddf12092ffd45813e63dc4661269dcd34043936c63978c
service	administration-and-organisation	app/Services/Organisation/BranchAddressResolver.php	1571	d3694df86ae410ecd4cecf1e9ef2a25989570c27ba461d9e01b9fb6fcc1b12d6
service	security-and-authorization	app/Services/Organisation/AuthorizationService.php	2387	f0ecd63afd34ed1598f96f18519bc7e90d5c54e3efb56d62fa91180754429a25
service	sales-crm-and-pos	app/Services/Payments/DefaultPosPaymentMethod.php	782	b4dff06c1a7b1fe17415f8e450e1e6cc05c044130632595da2a164bc7e07e2da
service	procurement-and-payables	app/Services/Procurement/LowStockAlertService.php	1969	95a7ad3442ef3fac8ddc766d08951d08d844a7c4117289ac939d311ee9000fed
service	reports-and-documents	app/Services/Reports/DailyOperationsDigest.php	4623	57448ae1fef2497fc1b530a40d9484ed58e9818fc19fd1d88bd8d9e5033e97cf
service	reports-and-documents	app/Services/Reports/Exports/CsvExport.php	1104	d144b1e1df38e9aa19d885be292d0815321c9a33e7fa1c64f525a65de3670a67
service	reports-and-documents	app/Services/Reports/Exports/TabularExport.php	3017	015b09e2235529750421626b978e691870128c49368d25178608c2371f3f270f
service	reports-and-documents	app/Services/Reports/StaffPerformanceReport.php	3191	1948b8c4016ca11ba4ea157e9add6197f87625e50361d75fb6cc3fad7c929b20
service	sales-crm-and-pos	app/Services/Sales/SaleCodeGenerator.php	798	51489e8c0b14ef1d7cf417736ef30bb59faab832ff0ea8f1da50e0da369a45e4
service	procurement-and-payables	app/Services/SupplierFinance/SupplierBillNumberGenerator.php	520	ca410c448c214780c21f9277e9e013143e6978ea1de192166d334bf3d8127bf1
service	procurement-and-payables	app/Services/SupplierFinance/SupplierReturnNumberGenerator.php	528	ddb8137593f78c07b31cf81a5d9cf84c182c363f3ea30c3d6d280006de745da9
source	api-and-integrations	app/Support/Api/ApiResponse.php	429	8d785ab3c2ec441ca90579dc128e3efd590b0e422ac902650dfc27135c2318c5
source	api-and-integrations	app/Support/Api/OpenApiDocument.php	2578	81537c177fc652ba82804ec76f6c61470aa1f9d10da37539476030d6ebd98f20
source	security-and-authorization	app/Support/Authorization/Sprint4Permissions.php	1430	06656bc25f7ee7f21a375b8128680e8c7cac10148ccdbc65079c4a051ed6bda6
source	catalog-and-inventory	app/Support/Authorization/PermissionCatalog.php	9594	067cd956150f771e3ddc5515ab24ba6cf9c48b9b76a2607c336bc68e424459bc
source	security-and-authorization	app/Support/Authorization/RolePermissionPolicy.php	5661	0c36fe7193d0e2c1d14bf2b31154c7cf821dd1be8fc61145160db79f1a891e6b
source	reports-and-documents	app/Support/Documents/OperationReportData.php	467	7cf9589f97fcba228c77f37753f2720277fecdb83830e59b4fae2a4882b55db7
source	platform-core	app/Support/Health/ApplicationHealth.php	1940	e67bd839213378a60e0b62d11bada989c169d44b0a17a8eb909f0b750e6696ce
source	platform-core	app/Support/Money/Naira.php	2633	b610752b4e38aa5119ce4cf48cfa1f2f5546bfd90189cc235e1e5f043276b1e0
source	security-and-authorization	app/Support/Security/BlindIndex.php	744	437419e7946e9e164b4c3fbb572649727dd6d293a71aa40d23f7b6184cdd0d66
source	security-and-authorization	app/Support/Security/EncryptedValue.php	1857	7460a16cb56ebe954559e3cdae68355dfc077d457c5114370fee5ab6f3b26367
source	security-and-authorization	app/Support/Security/LoginKeyGenerator.php	1396	820720e58d5edfc55fd394a77b884f9544bb944e7282af665102f6a5312476b5
source	security-and-authorization	app/Support/Security/SensitiveData.php	589	b1694bce632913d236373c5786344e90a3053ae330ddf56d0ccb517a9963eb9d
source	platform-core	app/Traits/.gitkeep	0	e3b0c44298fc1c149afbf4c8996fb92427ae41e4649b934ca495991b7852b855
source	platform-core	app/ValueObjects/.gitkeep	0	e3b0c44298fc1c149afbf4c8996fb92427ae41e4649b934ca495991b7852b855
source	platform-core	app/ViewModels/.gitkeep	0	e3b0c44298fc1c149afbf4c8996fb92427ae41e4649b934ca495991b7852b855
migration	platform-core	database/migrations/0001_01_01_000001_create_cache_table.php	873	fbb4665e5a977e71df4e74ec75b3c06ca4f17ad0de7138fe9786639189978e77
migration	platform-core	database/migrations/0001_01_01_000002_create_jobs_table.php	1883	df4910687180313a14a3f96a8bddd808ae145ed1b107cd772caf865c0dc2b746
migration	platform-core	database/migrations/2026_07_15_000100_create_accounts_table.php	1256	ace10300f6fa417582b4c6926a845b03d5cf0f810012b08f883195505da40915
migration	security-and-authorization	database/migrations/2026_07_15_000110_create_account_sessions_table.php	1109	9140889fddff3037c1401dc2a66b3343e664b1efcbe5ad570ceefe7b4d961c97
migration	security-and-authorization	database/migrations/2026_07_15_000120_create_security_events_table.php	1641	ca31b3226db9316757497f1199f6464b0a435c8256873a7c6db7df5d5f3d9a16
migration	platform-core	database/migrations/2026_07_15_000200_create_companies_table.php	959	b6fea8511dbfb81c7dcff13f88a7ad178359517fbaaf52fd8648b7057518e6db
migration	administration-and-organisation	database/migrations/2026_07_15_000210_create_branches_table.php	863	607ffeb9ff86e2b07e2670eda5163c4246329f10ad301c53cff680824341c894
migration	security-and-authorization	database/migrations/2026_07_15_000220_create_roles_and_permissions_tables.php	2121	2d503b595865b09f8e8b9fa1da8a9247c36628f8bdae13ff771ecdd79ef127a2
migration	administration-and-organisation	database/migrations/2026_07_15_000230_create_account_branch_table.php	1143	3f311df6c0be98c99995929ac8127c72c39441d3c0cedb6c01d6beb110a9a864
migration	platform-core	database/migrations/2026_07_15_000240_create_audit_logs_table.php	1887	266584b02de409dbd2f07bc7fb1ac11fded4e9eeb02dd5c36f027a795a55c50e
migration	catalog-and-inventory	database/migrations/2026_07_15_000300_create_catalog_classification_tables.php	1739	ef5e20f7d44b7a3f1fb4c33c2905d81139f3221b4887b65754c33a5ac9641490
migration	platform-core	database/migrations/2026_07_15_000310_create_suppliers_table.php	1572	45eb1e6a3e9385626c930dd7adf9d13061dddc01df8185637ecb4d349b9ba2de
migration	catalog-and-inventory	database/migrations/2026_07_15_000320_create_products_tables.php	2280	1f4f68cd104a5d2cab10b538a3c72b41943befd90cd93a57214e49429e033d8a
migration	catalog-and-inventory	database/migrations/2026_07_15_000400_create_product_imports_tables.php	2527	77d59510dfdcbfebd89aec97d485b47c72081bcbf6e7aacbd85df4fda2e509c7
migration	catalog-and-inventory	database/migrations/2026_07_15_000500_create_inventory_tables.php	2803	5fc8830766acd45befe406a79fe510d66d33778d047d43727681bacba7abe2f4
migration	procurement-and-payables	database/migrations/2026_07_15_000600_create_procurement_and_alert_tables.php	3699	b2b8c5e07728e67a32149cdb1dcc0cb174b3b673627ded28f3a10830d36e9f7e
migration	sales-crm-and-pos	database/migrations/2026_07_15_000700_create_customers_and_payment_methods.php	2181	9cd339143349e3356c4461ced3bfdb7e221c578c081ed72ea5c61bde85759848
migration	sales-crm-and-pos	database/migrations/2026_07_15_000800_create_sales_tables.php	3794	ffab94c2940735b5c9c4c76b6b3c378146a29283690fccc0607dc20d17369209
migration	platform-core	database/migrations/2026_07_15_000900_create_supplier_finance_tables.php	6870	5732b79d48f12fe95b21557dc7519308929c23ebd1e8a82e2df79c6e2f3d5fa2
migration	platform-core	database/migrations/2026_07_15_001000_create_operations_dashboard_tables.php	3451	e86bedede244cef4ed9f942136be9a296f33ec8bb10f285896447fa6980e0c19
migration	sales-crm-and-pos	database/migrations/2026_07_15_001500_create_commercial_controls.php	7227	ce2abacecace3bec7b8d55d5f13e36e0a87ba10d3697dcfb6ffd21d250736bb1
migration	api-and-integrations	database/migrations/2026_07_15_001600_create_api_tokens_and_quote_conversions.php	2031	ef0cd9f555fc92bc4043f9242e49c5d25cdaec7b8c5e86b5b59ed8fffa09b732
migration	platform-core	database/migrations/2026_07_15_001700_create_backup_runs.php	1211	8d2dc015f4f4989d31853177bd85f156703e35d4eefffe762c7a1f2062841a9f
migration	accounting	database/migrations/2026_07_16_001800_create_operational_accounting_records.php	6689	3a65c056ea830cce10897f84c0e2999cbafc110e73cc64da96a91f555dc04bcc
migration	lisa-ai-and-insights	database/migrations/2026_07_16_001900_create_business_insights_table.php	1242	1844cf6dc656c3661198d5262e579533cd3f1739ed74a9a93ea15ce8e7f2a23b
migration	catalog-and-inventory	database/migrations/2026_07_17_000001_add_zero_stock_policy_to_branches.php	532	0293976f23702c1d2e153aec4b76301bee7b355dbd9e239f18b6a8f216151c4f
migration	platform-core	database/migrations/2026_07_18_000400_create_sprint4_enterprise_features.php	3726	dff3abb0590f84019eb7f5030a98953295cc3e3f1fa1c089b8cf6c22c4ba8b51
migration	catalog-and-inventory	database/migrations/2026_07_18_120000_add_selling_price_kobo_to_product_branch_stocks_table.php	767	e1172a078ddf7c05f582ea1c567c63bf212ca97fee9a30ea851567bef8d62f8e
migration	accounting	database/migrations/2026_07_16_001900_create_double_entry_accounting.php	6988	6d8e82f0d230c8e5d094c0c93effb673e3fade08d0f6e51f3f245a0df37bfa40
migration	accounting	database/migrations/2026_07_19_210000_add_ledger_account_id_to_payment_methods.php	2491	3842f4c177e423b43731a9aa032647167e0530844f1120881644c5534c54bbaf
migration	sales-crm-and-pos	database/migrations/2026_07_20_230000_add_reissue_link_to_sales.php	712	1713343ff8124f7767fbd756c7dbba8ad700a48627ed331325ea11293c9d5ceb
migration	security-and-authorization	database/migrations/2026_07_21_050000_add_reissue_void_permissions.php	1405	ee41291409db10f86f593ef1cfca3d6808c4a7ae1adce091dd5392afac316996
migration	security-and-authorization	database/migrations/2026_07_21_060000_fix_missing_permissions.php	1713	bdbd67049323c5ae8b8f37b1ac2d989c5c9fd4c290cebbd9bfb2de533e46e28a
blade	accounting	resources/views/admin/accounting-operations/assets.blade.php	2575	4ebb5c46697b4b4f7db338f8dc9d0637281c0dab09bb4f65dcb93f41fe1063c9
blade	accounting	resources/views/admin/accounting-operations/branding.blade.php	1880	fff8b9358081b4f7b16d1589ff0b5738987361fc1fd373d4d3d2ba907cbf8d90
blade	accounting	resources/views/admin/accounting-operations/purchase-return-create.blade.php	2393	aa8256c1bb22f73cae07b15986b750659cffda28be4d0958621e54194a798758
blade	accounting	resources/views/admin/accounting-operations/purchase-returns.blade.php	1598	9babff4893bf52790f5bee8aeab024a3bac062d3b92ea742f0c07bafe72964ad
blade	accounting	resources/views/admin/accounting-operations/receipt-create.blade.php	2113	9be8d3584308f265b5440d9fe42fce5fc0958c2922f14d8e451aa528b26ac91c
blade	accounting	resources/views/admin/accounting-operations/receipts.blade.php	1667	e2e8559911f0ef0f61da9ef3711cb3dce91e1343259c6c0ff1bd64f0d0796c67
blade	accounting	resources/views/admin/accounting/chart-of-accounts/edit.blade.php	2801	2e758773321dc8c1fceab16e26587ee5a4dd8d533edc9acc0f756b60b11717d5
blade	accounting	resources/views/admin/accounting/chart-of-accounts/index.blade.php	8458	cc328c6ec6869de229ddd7a65cc4c722f17779c112caaa42d83e571f0a10670f
blade	accounting	resources/views/admin/accounting/journal-entries/index.blade.php	5253	aaf2d8b76c185f77407dca5ce1cc0da344893ccfb125d33a2dafeb7cb916d57d
blade	accounting	resources/views/admin/accounting/journal-entries/create.blade.php	7275	9d49b15a7f8aec159433a82408b96627e11b6f9a9d79b5387bc254a73c9a824f
blade	accounting	resources/views/admin/accounting/journal-entries/edit.blade.php	7661	ef956e4f686fd37d8964853df441f3675286e7ba755fdfdfc5a883f2be9ecb54
blade	accounting	resources/views/admin/accounting/journal-entries/show.blade.php	4308	c9fb810ca1d227e29d54908c6deab837e7b499a43cc92e357a361efcfe726419
blade	accounting	resources/views/admin/accounting/batch-journal/create.blade.php	8309	58acb6d23e1f635870a0df0d7d06682ab95aaa671c4a63a30eb1dd3bf7805e44
blade	accounting	resources/views/admin/accounting/opening-balance/create.blade.php	3595	8558e9d7c66122ca3973fb528326ef4da2008ebb32276cbec7cbe311de8a4c69
blade	accounting	resources/views/admin/accounting/reports.blade.php	15454	a496398bc075861da36df3822cf658d5c79f1cd62d9a901b705955ad304a85ac
blade	administration-and-organisation	resources/views/admin/activity/index.blade.php	3139	7d2e1448d6460ced645f1cba3cf093ff8ff9b1e5d7bfe877ec8f8ec68f954a29
blade	catalog-and-inventory	resources/views/admin/activity/product.blade.php	1909	e974a146b6f6be8c5515aa51e68a7589aa3d4248a9811cff529c619e1d780e01
blade	administration-and-organisation	resources/views/admin/branches/index.blade.php	7297	198a6fbc469e5106a5322b605dd896e2c7f8707274ec5b21a2af3347d7024bca
blade	catalog-and-inventory	resources/views/admin/catalog/brands/index.blade.php	1968	04f00bbeb1859a6782deb348fbe558e30352fe88e1eb75f52b652c9ea68db111
blade	catalog-and-inventory	resources/views/admin/catalog/categories/index.blade.php	2009	c804eb52bba5b6156f2ad01e210ebafa9a9cf93c3a5808534217caa9a351d873
blade	catalog-and-inventory	resources/views/admin/catalog/price-adjustments.blade.php	1719	3e6d106ae67fea0da00e6fb23cf16998cf3b1710e7b66c2a834b6fb16649e846
blade	catalog-and-inventory	resources/views/admin/catalog/products/create.blade.php	5645	e05d12a75e14561cd0df140eac08a6f414922fbbd8bc8ae795d1c59da22fa973
blade	catalog-and-inventory	resources/views/admin/catalog/products/edit.blade.php	6874	6bb734e5142fd231e20fb2be1917f487f14749e478c81d3f0c0ae2787d63989f
blade	catalog-and-inventory	resources/views/admin/catalog/products/index.blade.php	6723	471004b00ae3d8ada8f12dbdf3f3796316dcd881ce27b505665b46e991e7ba9b
blade	catalog-and-inventory	resources/views/admin/catalog/suppliers/index.blade.php	4172	dfb4115fa316d69b531e1f031e0e9ba2fe94e7c7e98f3cd82d5426d7e668ce1a
blade	catalog-and-inventory	resources/views/admin/catalog/tax-rates/index.blade.php	2303	3a799b187deba5f819bc46403ee71cca6a973338cdee903521bb2e4255342d5e
blade	procurement-and-payables	resources/views/admin/commercial/purchase-receipts.blade.php	1346	99a8f83f156e0b21e0af2671c4d34d7a97a6c0b026ea0cefc90265a7742f1259
blade	sales-crm-and-pos	resources/views/admin/commercial/vouchers.blade.php	2596	faaa4c3e394cae948f0d514ee0ef60b065b345e7ff0d6a7891b813d44b3fbc9f
blade	procurement-and-payables	resources/views/admin/commercial/purchase-receipt-create.blade.php	3337	7b9d7e26dd11353b7d59102970aecc7ae7c60f7694941c0f76f37a03a82a8d64
blade	sales-crm-and-pos	resources/views/admin/commercial/customer-receivable.blade.php	1359	785179a790c1671fd89097667f301cecea22be92ae8326a4d865c9e3406744e1
blade	sales-crm-and-pos	resources/views/admin/commercial/receivables.blade.php	2009	1faff1ebff1545608e1789372a57b5d9ad5d9cba1679d6383f8a59b3c027a82a
blade	sales-crm-and-pos	resources/views/admin/customers/index.blade.php	3387	0f200ef0aa0c58387c0509b29d421b2768ba6e11232420e977e6dd6a3d279fb0
blade	administration-and-organisation	resources/views/admin/dashboard/index.blade.php	8820	2e9a6b5409680a1022383dec307c1f17faf2b2552beb1d0f2f37cfa05636a69c
blade	catalog-and-inventory	resources/views/admin/imports/products/show.blade.php	4832	fd608ad26e85dbefbd76422edd881b8d8d854bcc67a7705cdecc12c0b8118cf3
blade	catalog-and-inventory	resources/views/admin/imports/products/index.blade.php	6225	91ca22cfcb9bd99c66d667d0c1f76404bb84fb2e61232f7e24a22bac0283ae9f
blade	lisa-ai-and-insights	resources/views/admin/insights/audit-show.blade.php	558	ce025a9102588f93d4e672f50a969c0572f987fc1a7590656b747409af3e41f8
blade	lisa-ai-and-insights	resources/views/admin/insights/audit.blade.php	1060	3666bb8a16921299528d92cbf958242ac64612eb139d988283d6de12b786fe86
blade	lisa-ai-and-insights	resources/views/admin/insights/chat.blade.php	3779	7cfadd840e6efc6b66dcdf24cc43256e75d37c1856ea3f6629bdd6971267de21
blade	lisa-ai-and-insights	resources/views/admin/insights/index.blade.php	2449	d032cdfe918b39ed0dbd265fe15443d4ae7a34a8940944ce225865f5043b21c9
blade	catalog-and-inventory	resources/views/admin/inventory/index.blade.php	10185	46eb60a90eb4c580da5e45d343df2d9f3de4e297b66b83150d0a28b496d4dfcc
blade	catalog-and-inventory	resources/views/admin/inventory/movements.blade.php	3001	8b57b146a00d8f8c12f309f7664a28639c7258c61b4cd0e2015c37a5d9b5cfdc
blade	administration-and-organisation	resources/views/admin/operations/alert-recipients.blade.php	2099	a60b7bcbd7b33c170f9093fde06277ed7f8e43f615074b26e7ab2c7f6429208e
blade	administration-and-organisation	resources/views/admin/operations/backups.blade.php	1521	5d7cd761be097c76bf22cec998b39432659ce833355c746005891941f87084ac
blade	administration-and-organisation	resources/views/admin/operations/settings.blade.php	1896	e462d31373e41c3f1604c3d62240e013d4ae23a7cb2198b9ea2f52e1144395c4
blade	sales-crm-and-pos	resources/views/admin/payment-methods/index.blade.php	5943	9bb566b407f73435643dbe8129cf356a1ec0864171fa5833353a22406bf9c894
blade	procurement-and-payables	resources/views/admin/procurement/index.blade.php	5156	96b9bac36591b270a45bc72da648b5ec1d318c494c1c2cb9572fd7f189133ba9
blade	catalog-and-inventory	resources/views/admin/reports/low-stock.blade.php	2366	6fe1a2577574b6d8bcecdeaed97fa670db88dc5d26236432c84e17b878dc9a2e
blade	reports-and-documents	resources/views/admin/reports/supplier-balances.blade.php	2349	52874c1db4c52ba036ea8f86752e22971f395be1a1896b710d9729290ca2d5ae
blade	reports-and-documents	resources/views/admin/reports/staff-performance.blade.php	9866	f13faef0163126f03865a4bfc2ba7cabff62683a02cb59cfa3257e1da5a82ab9
blade	reports-and-documents	resources/views/admin/reports/audit-log.blade.php	5286	3fc43dbd4db24660e6370c3c52815c305a408560dec8d912f6f050af7680b5c6
blade	reports-and-documents	resources/views/admin/reports/hub.blade.php	4663	e61559fdbb7809dfa6d4366801fea305ca506825823a56822fd5fc58cc91e7d5
blade	security-and-authorization	resources/views/admin/roles/index.blade.php	4049	c1fb23ac6e7b37ba24a056da11e7c735c53d3f7f945187c1a79fa8e147dc6c46
blade	sales-crm-and-pos	resources/views/admin/sales/partials/quick-customer-modal.blade.php	6340	eb52a0e30bb7dad3199ba741f2d6e91abcbc3f3651a6abd852bcb5ca8adf66a8
blade	sales-crm-and-pos	resources/views/admin/sales/index.blade.php	5614	b47100a2931d0137625d2532e45aeb69f3b75089065f92a98a47fea002c3349e
blade	sales-crm-and-pos	resources/views/admin/sales/edit.blade.php	5285	e1d5278d1fee52e199ea274cb7ad8269ee4d43b95806dad9bb1b3fbf54f49589
blade	sales-crm-and-pos	resources/views/admin/sales/show.blade.php	7335	1b5480b45385b017cca5019ccd87ead82bcd7626dcd59680ee054b3f2048c73f
blade	sales-crm-and-pos	resources/views/admin/sales/create.blade.php	50840	ab9c966cb9be0aef753826e1f73d609af9873f586da1c1ebfa2844a5f0304726
blade	security-and-authorization	resources/views/admin/security/sessions.blade.php	1100	9b627ec5a194f3c1c28b6baccb97dde292b6aaecc2559977b09efcb71d42a157
blade	administration-and-organisation	resources/views/admin/staff/index.blade.php	7482	6cf684791279b208824cb902a4a8a75b93d4d8d7e44bfc6eaaf942acf15e4525
blade	procurement-and-payables	resources/views/admin/supplier-finance/bill-show.blade.php	4926	41b90de88b34b2853023e555298985d2dae293b679c03eafc139ab4d6994a011
blade	procurement-and-payables	resources/views/admin/supplier-finance/bills-index.blade.php	7544	6fbde3ebc2e867968aab5f4b7fddc43ce64c7d2b8165e89975389f75c94dbba4
blade	procurement-and-payables	resources/views/admin/supplier-finance/returns-index.blade.php	5950	738870cdb044142ae4475fed33e77bf96ab0a89a3761f94ed2b5753b82ccf319
blade	security-and-authorization	resources/views/auth/login.blade.php	10773	09b68dacd198ae98cac8a8f6823ce248d06cb5f37ccb3221a1ddb652b45051ac
blade	catalog-and-inventory	resources/views/components/catalog/product-scanner.blade.php	2987	380b47bbd9fd36c16b34b901b661a4432546f1af39724f6b3c69cb8eb1c084ec
blade	platform-core	resources/views/components/errors/page.blade.php	1275	dd55972f930b0b42eaf04342163879016d07a9d7728d33603174e02ede3a15e7
blade	platform-core	resources/views/components/feedback/page-progress.blade.php	255	1c1f7e575ba3d370bfd7ea91bda524301a3622edbb971a3f7d0bc274f2544e24
blade	platform-core	resources/views/components/feedback/toast-region.blade.php	2533	2827b7f22b5cc0d2febdb61df1ee211193ec2c135b9fee45e9d33c3600d8856c
blade	platform-core	resources/views/components/layout/app-shell.blade.php	2564	95663e683ecd021acd63747c782e29e88e8b1c1956f0152b7e63a4744b9a6f6a
blade	platform-core	resources/views/components/layout/app.blade.php	568	5c52842bb6c085c48fcddcf400d5b5540db64d572ed7c3a1eb7ab058f4007278
blade	platform-core	resources/views/components/navigation/sidebar-link.blade.php	556	7f4de6cfec295d1fff1dbb77e7b6de15805de699e7742c4b169fc7dc8dfadd2d
blade	platform-core	resources/views/components/navigation/mobile-drawer.blade.php	5024	1c0a553d0346735d26a1a73faecef5a96da49b53d4f7162774775a2da1eed9e9
blade	platform-core	resources/views/components/navigation/sidebar.blade.php	3888	56e4317f027809def7b2e3b3a5d1451b961f4eaa65b7dca20aefc8255905eca7
blade	platform-core	resources/views/components/navigation/topbar.blade.php	5390	bffafa1fb53a69732c65bd3f7c82600838ce4a80174dce87c1a22a60fcfccbf1
blade	platform-core	resources/views/components/ui/button.blade.php	1110	216c789bc0c50978af71dd237ecaf027d57e58281bd1461361b2781bcbca11be
blade	platform-core	resources/views/components/ui/card.blade.php	626	c5cc3caf714e5a759bafadb48905542fb0fd76ce2ac4696cf5c04221a3f9a298
blade	platform-core	resources/views/components/ui/drawer.blade.php	1769	107f20fa4efc7d6c4dcdead027ddd841d54869aea492ba60b4ec108dc6fd11d5
blade	platform-core	resources/views/components/ui/icon.blade.php	172	b1a3b5c02cad7d3c182236cf0dd0f9177acde7a6b25b0b9226323a4b9c2b2fdd
blade	platform-core	resources/views/components/ui/input.blade.php	868	a8604d169ebef386eb26bacfba1134384fb13722e1a9d403c9d19e39aa50ee09
blade	platform-core	resources/views/components/ui/modal.blade.php	2088	7f3901b9bec5f3bf4fa32e4941d241fea3d2286ebbbcc67f5ce339ad39c5530b
blade	platform-core	resources/views/components/ui/skeleton.blade.php	171	881f0de13237c9d470f39a00dd2d4c3a7fcfc61a6432161933577499ff73af25
blade	platform-core	resources/views/components/ui/status-badge.blade.php	521	34afbf19ffdad9641b9a6cc32cb2fa0a6c55f49a5d18ca4707159474f55efb0f
blade	platform-core	resources/views/components/ui/searchable-select.blade.php	3576	694fce3a0d36d3803756f972e78dc26a776580fcfb69ad282b1a903a70747952
blade	reports-and-documents	resources/views/documents/operations/report.blade.php	2424	9ff35d397cb215b6d98ed35fa04fb5db61b84f862474df8d836f33dbe519e15c
blade	catalog-and-inventory	resources/views/documents/product-barcode-label.blade.php	702	054ab0a12f5d9e5443347862f72a621b53b8e123624a146dbff92816a2d91735
blade	reports-and-documents	resources/views/documents/sale-a4.blade.php	3702	a0a2621673132ab2b31e1a504c013c7faceb1ac2bc2afd1e93486f942a5ad49c
blade	reports-and-documents	resources/views/documents/sale-thermal.blade.php	3502	93def65d882c3205936f1768b645e7fb1cf8475cde782fad9a4eb314849f3f91
blade	platform-core	resources/views/emails/end-of-day-digest.blade.php	3799	25dea19f1bef80b33984b8ae7081314de603c0232bd3a4c440d75bb6de4d1a6e
blade	platform-core	resources/views/errors/401.blade.php	134	01c92d3b98fdd0fc609fd7d2642d248413b58e82444487c7860b3a781a0108a3
blade	platform-core	resources/views/errors/403.blade.php	137	8984e9cf8341d8f2d7c65c61633576b4082d17a5205e137761f76c0077838315
blade	platform-core	resources/views/errors/404.blade.php	132	9aedd925a72be40ab472650a2a186920aee7c7f50ad22e43bde21d1ccfcf4c08
blade	platform-core	resources/views/errors/419.blade.php	135	e84e65cc3b2008e79695bd950f6b2c8f696fe2da518d85be31e0621241bdf701
blade	platform-core	resources/views/errors/429.blade.php	135	91c4918a1a6b4f6dea06137f32f90e2ad5a6d5512a1e6784d476ca856cc4e3dd
blade	platform-core	resources/views/errors/500.blade.php	163	3235b84e7fd3358b3faf772bc6feb93bf92f625796311acdc0dce5fa630611f9
blade	platform-core	resources/views/errors/503.blade.php	152	3ae280c2047dc947430d120d0ddb4f1c3ab8561f22acc2efc54051177197c4b7
blade	platform-core	resources/views/profile/show.blade.php	4253	0f13f74c919d38c5cb70c3138176ef98f9364ceed623b4642ac6acb908dd1b3c
blade	platform-core	resources/views/public/sale-verification.blade.php	1233	f1f0a8463e303c30b2e894b2ecf3672065489d2d1f6455b0bd304e57342d5336
blade	sales-crm-and-pos	resources/views/staff/commercial/sale-return.blade.php	1589	3b90cdf3ad158fc7554da53d3962d37dce178ff27b5fc707d8395c0e9c21e4d5
blade	platform-core	resources/views/staff/dashboard.blade.php	4773	ba7f6eab0cc0a8d5d46cdb607d8afb899f88a9819b418fa09fa3b16ca507f7e6
blade	platform-core	resources/views/ui/shell-preview.blade.php	4903	f768943e13790a17eb8081d12e9a6766ad42278ebeee1d9f568856d8859a4e7a
blade	reports-and-documents	resources/views/reports/exports/generic-table.blade.php	1230	83f0edcd18067b78d7c434f27c5ec6bcdb31cb6813d6f75fdd4534f42272c8da
route-file	api-and-integrations	routes/api.php	130	1ecbc3e022be306695d943b11fd6a5898beea4f8e51e6b72376e0df96e550958
route-file	security-and-authorization	routes/auth.php	714	bdebc5ea2f30c56415505c22ec0956680e664a9ea45e9158328aacfc8c92c9e8
route-file	platform-core	routes/web.php	856	1b34db9d5b0dc05214b6bd7b63cefc35ef316156a12f7002ef18ce6e0a416f8f
route-file	platform-core	routes/console.php	421	c9b917f174f35b5987610b83c9d855880077c42411e7d76af19b89e393ca4e33
route-file	platform-core	routes/staff.php	2138	dec004ffe96bb7f4e1f3c2f02cf283f59921cddde99b2f7660a4af5a39ad0960
route-file	administration-and-organisation	routes/admin.php	31060	751e1a8a17dcea11069e3f9d507e759da19d4149830ea2cc2a1c3b40b4d3b867
test	accounting	tests/Feature/Accounting/AccountingRoutesTest.php	956	98cc8133b3d887087418be1ecd4a9dc50a8a06c5005682a5debc6ae0127906a6
test	accounting	tests/Feature/AccountingOperations/AccountingOperationsRoutesTest.php	1247	74dcaf3a34c2028c91ff795883bf5e0087cd2bc778c6dc8ad2b684bd8dffd441
test	platform-core	tests/Feature/Activity/ActivityRoutesTest.php	664	33ee39c7b1188a2dd2c40907accf884c5a34c8473edc9e90c6edc9514a76ecf6
test	security-and-authorization	tests/Feature/Authentication/AuthenticationRoutesTest.php	863	1f2da08691ee7484beba6a1fcb96174af6e3117d6dbfa1a67f91b4006052a85b
test	platform-core	tests/Feature/Backup/BackupRoutesTest.php	657	cb432f49bf3969b97c269cba8785d11b6309f9e7c25a1f9cc348ebdfa09a1763
test	catalog-and-inventory	tests/Feature/Catalog/CatalogRoutesTest.php	1011	f12509d4545897d5aebd7c7966cd426e2fe291d98635a773ab7635ec2e731e59
test	sales-crm-and-pos	tests/Feature/Commercial/CommercialRoutesTest.php	1080	34515382a9b30901e47deaf6befbad669038d4b1ec86cf9ed707487fcaeaccd8
test	sales-crm-and-pos	tests/Feature/Commercial/EnterpriseControlsTest.php	706	752882aac7889503cdd0b01b7820d4c284a7adb6aed7e97bd8d2c9376e6c5e8a
test	sales-crm-and-pos	tests/Feature/Customers/CustomerRoutesTest.php	708	b50094a6336c26454605b1bb7274e9db8fbc5cc28668100b5b13a9411fd00aaa
test	platform-core	tests/Feature/DesignSystemTest.php	1375	97dc39fb1fcfa1c390d05730270f3a09e2923a870fe469d53add02d29edf2d32
test	reports-and-documents	tests/Feature/Documents/DocumentRoutesTest.php	917	07a05947870d2915bc0bcbb0df530620ec82ca5fa221bbb3f811daeea5e11767
test	reports-and-documents	tests/Feature/Documents/OperationDocumentTemplateTest.php	769	690d3014ca20c86b8293ae00974c3c05a893f4df9efbe3a9ebb07d7bd85e1bfd
test	catalog-and-inventory	tests/Feature/Imports/ProductImportRoutesTest.php	1230	c8b424ae2e8ea404146aa7e25d29fc7f7c08dffe2b3773c9ce3eb93e61dad6bf
test	catalog-and-inventory	tests/Feature/Inventory/InventoryRoutesTest.php	772	84f7a85aebd6476248435c903096a1355169c4cad1e522fa6b3313639d2c793c
test	platform-core	tests/Feature/Operations/OperationsRoutesTest.php	1328	887e1cb390c44ee89d561c6c147f461c18d6be146551f5f8b3fd11017a94b0f0
test	administration-and-organisation	tests/Feature/Organisation/AdminRoutesTest.php	724	deaa0025269dc6f3d9dbc7d88beee829ac0fd84bf29b743be732f939f71df3ab
test	sales-crm-and-pos	tests/Feature/Payments/PaymentMethodRoutesTest.php	619	1150cb23ba2c246473121ae04262d9df46a45615b86b8cdea35823d49a36827c
test	procurement-and-payables	tests/Feature/Procurement/ProcurementRoutesTest.php	805	e2a5091a64559df608ec44800641c5818955c008be325ddc53cb9316d2e7950d
test	platform-core	tests/Feature/Regression/NoExternalPrintDependencyTest.php	1186	2d5ff7afafa4644ff47d03b555692aa3e1ce2e9bbbd1045d2bdf965af9e006d7
test	catalog-and-inventory	tests/Feature/Regression/ProductHistorySeparationTest.php	812	7704517ca989b6066cc8e16f7583c8fdabf89586c1b0ab20edba8a221ee65abb
test	reports-and-documents	tests/Feature/Reports/ReportsHubRoutesTest.php	499	d8afa5a14b33ce90827e8a8fd922099fb3864b906884356c4e1e91a32669eed7
test	sales-crm-and-pos	tests/Feature/Sales/SaleRoutesTest.php	730	8eefaf1b2bdc9f218fb1692096c5700a20fc2e0c4fe07fe1e592ec09b4650065
test	security-and-authorization	tests/Feature/Security/LiveSessionsRoutesTest.php	582	cfb87c013cb2f2c601a502519327bd6a43099c85107e1113c6af890c7ee856e1
test	security-and-authorization	tests/Feature/Stabilization/PermissionConcealmentTest.php	871	790e2a9adf1af948da41ea6bf375ed941ba35b3f99a17bcf2dae5a692ff7e161
test	procurement-and-payables	tests/Feature/SupplierFinance/SupplierFinanceRoutesTest.php	984	23f5a88c97ff318cc9aa9b2ac733f91650cb1be5842286252378c40a4188b2ba
test	platform-core	tests/TestCase.php	142	c7c209f5579c42647c1f7b2a79ac828e8b54ac62a98442045a6e94fa2c0d0ebc
test	accounting	tests/Unit/Accounting/AccountTypeTest.php	618	c47926a9c1b45ad3171fc2ec2b60eee2f9aafe626b7f0b5e6d2574e35cc0ce8a
test	accounting	tests/Unit/Accounting/JournalBalanceTest.php	919	d1b0636237f8b4c8b516cd8c1bd0056dee024e8f0fff50a7dfde21d0a8b46a12
test	accounting	tests/Unit/AccountingOperations/FixedAssetTest.php	883	729de174a6336bdf7206926feb179ce8c9823b25b42147ea7801115ac6b42419
test	accounting	tests/Unit/AccountingOperations/OperationCsvRendererTest.php	919	ef2f57f0412d1ca28e4ea316856842a31b9f68c7c493830f02e93c3338b46ebd
test	api-and-integrations	tests/Unit/Api/ApiTokenGeneratorTest.php	671	df7f2758e73fa23b4300d543fa3e1bb41549435b68c1484d34a3129fd82e7abf
test	security-and-authorization	tests/Unit/Authentication/AccountStatusTest.php	492	5f48417b90f9b8ea8e898811a6c2d5ba2359ab88df03db86bfd3ad7b56278387
test	security-and-authorization	tests/Unit/Authentication/AlphabetOnlyLoginKeyTest.php	813	7fb46268e92946feccaeb35c0543e4040dad5d886b4cffa847916bcd482fdf92
test	security-and-authorization	tests/Unit/Authentication/LoginRequestRulesTest.php	572	3162867d24cee707b09a28e8bbdda9236c395ba36d6e116c9494357c79d778ae
test	platform-core	tests/Unit/Backup/BackupIntegrityTest.php	759	ddf20fb3e739976f9dde537a281264681a7c2470a608e0c488d56ae57a3cd9fc
test	platform-core	tests/Unit/BlindIndexTest.php	729	ae3abae85a0fd0b7f0517ddc2d98b4054ecbe30a7cc81d91c474ae19f7b042f2
test	catalog-and-inventory	tests/Unit/Catalog/MoneyInputTest.php	569	94f46ba035864f08284b594516e6cea18b304ef8d3a39f547905e8fe3e73862d
test	catalog-and-inventory	tests/Unit/Catalog/ProductBehaviourTest.php	649	04040178662fc490966f17f4277fdb87d84fc9b2357c5615a879f206ee52c888
test	catalog-and-inventory	tests/Unit/Catalog/RecordStatusTest.php	390	a65d10d4a3a88aae1c106574604cd89d1f4f7c8d1eae8ccca70e74357ac7c4af
test	sales-crm-and-pos	tests/Unit/Commercial/SaleAccessTest.php	581	123c55dee21b5305c8584f7554c135a299c7deda6173c09fd6311cdca797951d
test	sales-crm-and-pos	tests/Unit/Commercial/VoucherCalculatorTest.php	1379	523b88f6c7e072b7b9931a0ad52f351403770e822d0f1c542608576f019ea52c
test	sales-crm-and-pos	tests/Unit/Customers/CustomerCreditTest.php	452	37cbc9daf3bcfaf8a8d538c823b8d692ec58523295cf75bd009631a9f520a83a
test	reports-and-documents	tests/Unit/Documents/SaleVerificationTokenTest.php	799	8f547abf147f596c46fc7e28d4b58aeb25b3df279154d39c7edb59aafea6383f
test	platform-core	tests/Unit/EncryptedValueTest.php	661	6cc417c6b9441f8f5cb862d3f8a61aa76db6304d890a19a5919cdcc31a8cc716
test	platform-core	tests/Unit/Imports/ImportStatusTest.php	596	9db5d6dd68f61aa3f8af51fbc0fb6965576e21f459d56084e58bda867bf7698c
test	catalog-and-inventory	tests/Unit/Imports/ProductImportValidatorTest.php	2216	ef196cc0e80d10be54754a5e76540311de60c23c2a284a0a8f8b52634f92695f
test	lisa-ai-and-insights	tests/Unit/Insights/LisaInsightArchitectureTest.php	588	a04e6f7266fce4bbdc01b3bd57b16bb9ca1c057b90b5297a4f9384d8b04228e2
test	catalog-and-inventory	tests/Unit/Inventory/QuantityTest.php	663	a2e54b5a574a078f1086a1594ffe0dbec9e0e43f1ecdb3ea1adfb861e5b04a48
test	catalog-and-inventory	tests/Unit/Inventory/TrackedInventoryBoundaryTest.php	1084	c286c10e69cbf70ff42f7fa78f7d43fea437cb30cac27c1f776c223ba7a85c8b
test	platform-core	tests/Unit/LoginKeyGeneratorTest.php	2281	48790d00253430fbfb85bf2bc4732d055723c7d8bd362a09b39be5d04f777648
test	platform-core	tests/Unit/NairaTest.php	1049	b737b06540c9b7094a302915466f500846ea204115229b2bd7a5e16bed6b5e64
test	administration-and-organisation	tests/Unit/Operations/AdminNotificationTypeTest.php	406	82dcdfe111960e6a477b89ed1a55439b5eeefc6ca65db71c284770575d63bc01
test	platform-core	tests/Unit/Operations/BusinessSettingTest.php	478	9eef194a04342cabe2759563946555ee4c38e568182191cd205b9ba1812bface
test	administration-and-organisation	tests/Unit/Organisation/BranchStatusTest.php	474	95c550a354cabf4a4469947f18588f87c8ed0166e2b46390759c7b20451fd6f6
test	catalog-and-inventory	tests/Unit/Organisation/PermissionCatalogTest.php	878	3c0f8958312b36447e7ba516982712a2757358beafa81d2f8edca6c0f997b9be
test	sales-crm-and-pos	tests/Unit/Payments/PaymentMethodProtectionTest.php	412	5fde5314c259b1bfe7d570352bd716f6eec49ce321476a2cf1ca4d745dd22dbd
test	procurement-and-payables	tests/Unit/Procurement/PurchaseOrderLineTest.php	489	ad6500999f937816ecf789e30ccbb60d7226ba980259ab6daaa0da5216d1a5bb
test	procurement-and-payables	tests/Unit/Procurement/PurchaseOrderStatusTest.php	590	b164880593bd654ee847899d8fb708f94eedab9ef3c9b6283c06cf883b452e60
test	sales-crm-and-pos	tests/Unit/Sales/QuoteConversionGuardTest.php	533	9990440d3e1c47df9a9aea252ca0bcbb1e3fa78f1b7f0d6ec8b1f6eb78776558
test	sales-crm-and-pos	tests/Unit/Sales/SaleBalanceTest.php	416	2725c018b841c77cafffe05f666044f5cf872534e236fb951b4fd7fc7581cdc9
test	sales-crm-and-pos	tests/Unit/Sales/SaleStatusTest.php	607	b35c6acf2823235349eff400ae6a5bdab6166fad40af0aebb1fa734eff05f913
test	sales-crm-and-pos	tests/Unit/Sales/SaleTypeTest.php	413	4871448ed39090a104f1f03e908d4fb1f0a9298f4859818bfee74ff01f782f25
test	platform-core	tests/Unit/SensitiveDataTest.php	555	4ab3e0fb02ca89e3f3fbb2a610a8f915b6e2c5fc34a2990c50210ee2271618a6
test	procurement-and-payables	tests/Unit/SupplierFinance/SupplierBillBalanceTest.php	437	080d14e9853c04953bdf3b102457688a478c777c9af2a01d387d03b47e679b7d
test	procurement-and-payables	tests/Unit/SupplierFinance/SupplierBillStatusTest.php	685	e9c808eb215ce2b459e56fd72272ccbab4208b0a730a1c291caa334fa9bf532b
