method	uri	name	middleware
GET|HEAD	/	login	web,Illuminate\Auth\Middleware\RedirectIfAuthenticated
GET|HEAD	admin/accounting-operations/assets	admin.accounting-operations.assets.index	web,Illuminate\Auth\Middleware\Authenticate,App\Http\Middleware\EnsureAccountIsActive,App\Http\Middleware\EnforceSessionInactivity,App\Http\Middleware\EnforceBranchScope,App\Http\Middleware\RequirePermission:assets.view
POST	admin/accounting-operations/assets	admin.accounting-operations.assets.store	web,Illuminate\Auth\Middleware\Authenticate,App\Http\Middleware\EnsureAccountIsActive,App\Http\Middleware\EnforceSessionInactivity,App\Http\Middleware\EnforceBranchScope,App\Http\Middleware\RequirePermission:assets.manage
GET|HEAD	admin/accounting-operations/branding	admin.accounting-operations.branding.edit	web,Illuminate\Auth\Middleware\Authenticate,App\Http\Middleware\EnsureAccountIsActive,App\Http\Middleware\EnforceSessionInactivity,App\Http\Middleware\EnforceBranchScope,App\Http\Middleware\RequirePermission:documents.branding.manage
PATCH	admin/accounting-operations/branding	admin.accounting-operations.branding.update	web,Illuminate\Auth\Middleware\Authenticate,App\Http\Middleware\EnsureAccountIsActive,App\Http\Middleware\EnforceSessionInactivity,App\Http\Middleware\EnforceBranchScope,App\Http\Middleware\RequirePermission:documents.branding.manage
GET|HEAD	admin/accounting-operations/documents/{type}/{id}/pdf	admin.accounting-operations.documents.pdf	web,Illuminate\Auth\Middleware\Authenticate,App\Http\Middleware\EnsureAccountIsActive,App\Http\Middleware\EnforceSessionInactivity,App\Http\Middleware\EnforceBranchScope,App\Http\Middleware\RequirePermission:operation_documents.download
GET|HEAD	admin/accounting-operations/documents/{type}/{id}/spreadsheet	admin.accounting-operations.documents.spreadsheet	web,Illuminate\Auth\Middleware\Authenticate,App\Http\Middleware\EnsureAccountIsActive,App\Http\Middleware\EnforceSessionInactivity,App\Http\Middleware\EnforceBranchScope,App\Http\Middleware\RequirePermission:operation_documents.download
GET|HEAD	admin/accounting-operations/purchase-returns	admin.accounting-operations.purchase-returns.index	web,Illuminate\Auth\Middleware\Authenticate,App\Http\Middleware\EnsureAccountIsActive,App\Http\Middleware\EnforceSessionInactivity,App\Http\Middleware\EnforceBranchScope,App\Http\Middleware\RequirePermission:purchase_returns.view
POST	admin/accounting-operations/purchase-returns	admin.accounting-operations.purchase-returns.store	web,Illuminate\Auth\Middleware\Authenticate,App\Http\Middleware\EnsureAccountIsActive,App\Http\Middleware\EnforceSessionInactivity,App\Http\Middleware\EnforceBranchScope,App\Http\Middleware\RequirePermission:purchase_returns.create
GET|HEAD	admin/accounting-operations/purchase-returns/create	admin.accounting-operations.purchase-returns.create	web,Illuminate\Auth\Middleware\Authenticate,App\Http\Middleware\EnsureAccountIsActive,App\Http\Middleware\EnforceSessionInactivity,App\Http\Middleware\EnforceBranchScope,App\Http\Middleware\RequirePermission:purchase_returns.create
GET|HEAD	admin/accounting-operations/receipts	admin.accounting-operations.receipts.index	web,Illuminate\Auth\Middleware\Authenticate,App\Http\Middleware\EnsureAccountIsActive,App\Http\Middleware\EnforceSessionInactivity,App\Http\Middleware\EnforceBranchScope,App\Http\Middleware\RequirePermission:receipts.view
POST	admin/accounting-operations/receipts	admin.accounting-operations.receipts.store	web,Illuminate\Auth\Middleware\Authenticate,App\Http\Middleware\EnsureAccountIsActive,App\Http\Middleware\EnforceSessionInactivity,App\Http\Middleware\EnforceBranchScope,App\Http\Middleware\RequirePermission:receipts.create
GET|HEAD	admin/accounting-operations/receipts/create	admin.accounting-operations.receipts.create	web,Illuminate\Auth\Middleware\Authenticate,App\Http\Middleware\EnsureAccountIsActive,App\Http\Middleware\EnforceSessionInactivity,App\Http\Middleware\EnforceBranchScope,App\Http\Middleware\RequirePermission:receipts.create
POST	admin/accounting/batch-journal	admin.accounting.batch-journal.store	web,Illuminate\Auth\Middleware\Authenticate,App\Http\Middleware\EnsureAccountIsActive,App\Http\Middleware\EnforceSessionInactivity,App\Http\Middleware\EnforceBranchScope,App\Http\Middleware\RequirePermission:accounting.journals.manage
GET|HEAD	admin/accounting/batch-journal/create	admin.accounting.batch-journal.create	web,Illuminate\Auth\Middleware\Authenticate,App\Http\Middleware\EnsureAccountIsActive,App\Http\Middleware\EnforceSessionInactivity,App\Http\Middleware\EnforceBranchScope,App\Http\Middleware\RequirePermission:accounting.journals.manage
GET|HEAD	admin/accounting/chart-of-accounts	admin.accounting.chart-of-accounts.index	web,Illuminate\Auth\Middleware\Authenticate,App\Http\Middleware\EnsureAccountIsActive,App\Http\Middleware\EnforceSessionInactivity,App\Http\Middleware\EnforceBranchScope,App\Http\Middleware\RequirePermission:accounting.accounts.view
POST	admin/accounting/chart-of-accounts	admin.accounting.chart-of-accounts.store	web,Illuminate\Auth\Middleware\Authenticate,App\Http\Middleware\EnsureAccountIsActive,App\Http\Middleware\EnforceSessionInactivity,App\Http\Middleware\EnforceBranchScope,App\Http\Middleware\RequirePermission:accounting.accounts.manage
PATCH	admin/accounting/chart-of-accounts/{ledgerAccount}	admin.accounting.chart-of-accounts.update	web,Illuminate\Auth\Middleware\Authenticate,App\Http\Middleware\EnsureAccountIsActive,App\Http\Middleware\EnforceSessionInactivity,App\Http\Middleware\EnforceBranchScope,App\Http\Middleware\RequirePermission:accounting.accounts.manage
GET|HEAD	admin/accounting/chart-of-accounts/{ledgerAccount}/edit	admin.accounting.chart-of-accounts.edit	web,Illuminate\Auth\Middleware\Authenticate,App\Http\Middleware\EnsureAccountIsActive,App\Http\Middleware\EnforceSessionInactivity,App\Http\Middleware\EnforceBranchScope,App\Http\Middleware\RequirePermission:accounting.accounts.manage
GET|HEAD	admin/accounting/enterprise	admin.accounting.enterprise.index	web,Illuminate\Auth\Middleware\Authenticate,App\Http\Middleware\EnsureAccountIsActive,App\Http\Middleware\EnforceSessionInactivity,App\Http\Middleware\EnforceBranchScope,App\Http\Middleware\RequirePermission:accounting.enterprise.view
POST	admin/accounting/enterprise/bank-lines/{statementLine}/match	admin.accounting.enterprise.bank-lines.match	web,Illuminate\Auth\Middleware\Authenticate,App\Http\Middleware\EnsureAccountIsActive,App\Http\Middleware\EnforceSessionInactivity,App\Http\Middleware\EnforceBranchScope,App\Http\Middleware\RequirePermission:accounting.bank-reconcile
POST	admin/accounting/enterprise/bank-statements	admin.accounting.enterprise.bank-statements.import	web,Illuminate\Auth\Middleware\Authenticate,App\Http\Middleware\EnsureAccountIsActive,App\Http\Middleware\EnforceSessionInactivity,App\Http\Middleware\EnforceBranchScope,App\Http\Middleware\RequirePermission:accounting.bank-reconcile
POST	admin/accounting/enterprise/bank-statements/{statement}/finalize	admin.accounting.enterprise.bank-statements.finalize	web,Illuminate\Auth\Middleware\Authenticate,App\Http\Middleware\EnsureAccountIsActive,App\Http\Middleware\EnforceSessionInactivity,App\Http\Middleware\EnforceBranchScope,App\Http\Middleware\RequirePermission:accounting.bank-reconcile
POST	admin/accounting/enterprise/periods/{period}/close	admin.accounting.enterprise.periods.close	web,Illuminate\Auth\Middleware\Authenticate,App\Http\Middleware\EnsureAccountIsActive,App\Http\Middleware\EnforceSessionInactivity,App\Http\Middleware\EnforceBranchScope,App\Http\Middleware\RequirePermission:accounting.close
POST	admin/accounting/enterprise/treasury/transfers	admin.accounting.enterprise.treasury.transfer	web,Illuminate\Auth\Middleware\Authenticate,App\Http\Middleware\EnsureAccountIsActive,App\Http\Middleware\EnforceSessionInactivity,App\Http\Middleware\EnforceBranchScope,App\Http\Middleware\RequirePermission:accounting.treasury.manage
GET|HEAD	admin/accounting/journal-entries	admin.accounting.journal-entries.index	web,Illuminate\Auth\Middleware\Authenticate,App\Http\Middleware\EnsureAccountIsActive,App\Http\Middleware\EnforceSessionInactivity,App\Http\Middleware\EnforceBranchScope,App\Http\Middleware\RequirePermission:accounting.journals.view
POST	admin/accounting/journal-entries	admin.accounting.journal-entries.store	web,Illuminate\Auth\Middleware\Authenticate,App\Http\Middleware\EnsureAccountIsActive,App\Http\Middleware\EnforceSessionInactivity,App\Http\Middleware\EnforceBranchScope,App\Http\Middleware\RequirePermission:accounting.journals.manage
GET|HEAD	admin/accounting/journal-entries/create	admin.accounting.journal-entries.create	web,Illuminate\Auth\Middleware\Authenticate,App\Http\Middleware\EnsureAccountIsActive,App\Http\Middleware\EnforceSessionInactivity,App\Http\Middleware\EnforceBranchScope,App\Http\Middleware\RequirePermission:accounting.journals.manage
GET|HEAD	admin/accounting/journal-entries/{journalEntry}	admin.accounting.journal-entries.show	web,Illuminate\Auth\Middleware\Authenticate,App\Http\Middleware\EnsureAccountIsActive,App\Http\Middleware\EnforceSessionInactivity,App\Http\Middleware\EnforceBranchScope,App\Http\Middleware\RequirePermission:accounting.journals.view
PATCH	admin/accounting/journal-entries/{journalEntry}	admin.accounting.journal-entries.update	web,Illuminate\Auth\Middleware\Authenticate,App\Http\Middleware\EnsureAccountIsActive,App\Http\Middleware\EnforceSessionInactivity,App\Http\Middleware\EnforceBranchScope,App\Http\Middleware\RequirePermission:accounting.journals.manage
GET|HEAD	admin/accounting/journal-entries/{journalEntry}/edit	admin.accounting.journal-entries.edit	web,Illuminate\Auth\Middleware\Authenticate,App\Http\Middleware\EnsureAccountIsActive,App\Http\Middleware\EnforceSessionInactivity,App\Http\Middleware\EnforceBranchScope,App\Http\Middleware\RequirePermission:accounting.journals.manage
POST	admin/accounting/opening-balance	admin.accounting.opening-balance.store	web,Illuminate\Auth\Middleware\Authenticate,App\Http\Middleware\EnsureAccountIsActive,App\Http\Middleware\EnforceSessionInactivity,App\Http\Middleware\EnforceBranchScope,App\Http\Middleware\RequirePermission:accounting.journals.manage
GET|HEAD	admin/accounting/opening-balance/create	admin.accounting.opening-balance.create	web,Illuminate\Auth\Middleware\Authenticate,App\Http\Middleware\EnsureAccountIsActive,App\Http\Middleware\EnforceSessionInactivity,App\Http\Middleware\EnforceBranchScope,App\Http\Middleware\RequirePermission:accounting.journals.manage
GET|HEAD	admin/accounting/reports	admin.accounting.reports.index	web,Illuminate\Auth\Middleware\Authenticate,App\Http\Middleware\EnsureAccountIsActive,App\Http\Middleware\EnforceSessionInactivity,App\Http\Middleware\EnforceBranchScope,App\Http\Middleware\RequirePermission:accounting.reports.view
GET|HEAD	admin/accounting/reports/export	admin.accounting.reports.export	web,Illuminate\Auth\Middleware\Authenticate,App\Http\Middleware\EnsureAccountIsActive,App\Http\Middleware\EnforceSessionInactivity,App\Http\Middleware\EnforceBranchScope,App\Http\Middleware\RequirePermission:accounting.reports.export
GET|HEAD	admin/activity	admin.activity.index	web,Illuminate\Auth\Middleware\Authenticate,App\Http\Middleware\EnsureAccountIsActive,App\Http\Middleware\EnforceSessionInactivity,App\Http\Middleware\EnforceBranchScope,App\Http\Middleware\RequirePermission:activity.view
GET|HEAD	admin/activity-log	admin.activity-log.index	web,Illuminate\Auth\Middleware\Authenticate,App\Http\Middleware\EnsureAccountIsActive,App\Http\Middleware\EnforceSessionInactivity,App\Http\Middleware\EnforceBranchScope,App\Http\Middleware\RequirePermission:activity.view
GET|HEAD	admin/branches	admin.branches.index	web,Illuminate\Auth\Middleware\Authenticate,App\Http\Middleware\EnsureAccountIsActive,App\Http\Middleware\EnforceSessionInactivity,App\Http\Middleware\EnforceBranchScope,App\Http\Middleware\RequirePermission:branches.view
POST	admin/branches	admin.branches.store	web,Illuminate\Auth\Middleware\Authenticate,App\Http\Middleware\EnsureAccountIsActive,App\Http\Middleware\EnforceSessionInactivity,App\Http\Middleware\EnforceBranchScope,App\Http\Middleware\RequirePermission:branches.create
PATCH	admin/branches/{branch}/deactivate	admin.branches.deactivate	web,Illuminate\Auth\Middleware\Authenticate,App\Http\Middleware\EnsureAccountIsActive,App\Http\Middleware\EnforceSessionInactivity,App\Http\Middleware\EnforceBranchScope,App\Http\Middleware\RequirePermission:branches.deactivate
GET|HEAD	admin/catalog/brands	admin.catalog.brands.index	web,Illuminate\Auth\Middleware\Authenticate,App\Http\Middleware\EnsureAccountIsActive,App\Http\Middleware\EnforceSessionInactivity,App\Http\Middleware\EnforceBranchScope,App\Http\Middleware\RequirePermission:brands.manage
POST	admin/catalog/brands	admin.catalog.brands.store	web,Illuminate\Auth\Middleware\Authenticate,App\Http\Middleware\EnsureAccountIsActive,App\Http\Middleware\EnforceSessionInactivity,App\Http\Middleware\EnforceBranchScope,App\Http\Middleware\RequirePermission:brands.manage
GET|HEAD	admin/catalog/categories	admin.catalog.categories.index	web,Illuminate\Auth\Middleware\Authenticate,App\Http\Middleware\EnsureAccountIsActive,App\Http\Middleware\EnforceSessionInactivity,App\Http\Middleware\EnforceBranchScope,App\Http\Middleware\RequirePermission:categories.manage
POST	admin/catalog/categories	admin.catalog.categories.store	web,Illuminate\Auth\Middleware\Authenticate,App\Http\Middleware\EnsureAccountIsActive,App\Http\Middleware\EnforceSessionInactivity,App\Http\Middleware\EnforceBranchScope,App\Http\Middleware\RequirePermission:categories.manage
GET|HEAD	admin/catalog/price-adjustments	admin.catalog.price-adjustments.index	web,Illuminate\Auth\Middleware\Authenticate,App\Http\Middleware\EnsureAccountIsActive,App\Http\Middleware\EnforceSessionInactivity,App\Http\Middleware\EnforceBranchScope,App\Http\Middleware\RequirePermission:products.prices.adjust
POST	admin/catalog/price-adjustments	admin.catalog.price-adjustments.store	web,Illuminate\Auth\Middleware\Authenticate,App\Http\Middleware\EnsureAccountIsActive,App\Http\Middleware\EnforceSessionInactivity,App\Http\Middleware\EnforceBranchScope,App\Http\Middleware\RequirePermission:products.prices.adjust
GET|HEAD	admin/catalog/products	admin.catalog.products.index	web,Illuminate\Auth\Middleware\Authenticate,App\Http\Middleware\EnsureAccountIsActive,App\Http\Middleware\EnforceSessionInactivity,App\Http\Middleware\EnforceBranchScope,App\Http\Middleware\RequirePermission:products.view
POST	admin/catalog/products	admin.catalog.products.store	web,Illuminate\Auth\Middleware\Authenticate,App\Http\Middleware\EnsureAccountIsActive,App\Http\Middleware\EnforceSessionInactivity,App\Http\Middleware\EnforceBranchScope,App\Http\Middleware\RequirePermission:products.create
GET|HEAD	admin/catalog/products/create	admin.catalog.products.create	web,Illuminate\Auth\Middleware\Authenticate,App\Http\Middleware\EnsureAccountIsActive,App\Http\Middleware\EnforceSessionInactivity,App\Http\Middleware\EnforceBranchScope,App\Http\Middleware\RequirePermission:products.create
PUT	admin/catalog/products/{product}	admin.catalog.products.update	web,Illuminate\Auth\Middleware\Authenticate,App\Http\Middleware\EnsureAccountIsActive,App\Http\Middleware\EnforceSessionInactivity,App\Http\Middleware\EnforceBranchScope,App\Http\Middleware\RequirePermission:products.update
GET|HEAD	admin/catalog/products/{product}/edit	admin.catalog.products.edit	web,Illuminate\Auth\Middleware\Authenticate,App\Http\Middleware\EnsureAccountIsActive,App\Http\Middleware\EnforceSessionInactivity,App\Http\Middleware\EnforceBranchScope,App\Http\Middleware\RequirePermission:products.update
GET|HEAD	admin/catalog/suppliers	admin.catalog.suppliers.index	web,Illuminate\Auth\Middleware\Authenticate,App\Http\Middleware\EnsureAccountIsActive,App\Http\Middleware\EnforceSessionInactivity,App\Http\Middleware\EnforceBranchScope,App\Http\Middleware\RequirePermission:suppliers.view
POST	admin/catalog/suppliers	admin.catalog.suppliers.store	web,Illuminate\Auth\Middleware\Authenticate,App\Http\Middleware\EnsureAccountIsActive,App\Http\Middleware\EnforceSessionInactivity,App\Http\Middleware\EnforceBranchScope,App\Http\Middleware\RequirePermission:suppliers.create
GET|HEAD	admin/catalog/tax-rates	admin.catalog.tax-rates.index	web,Illuminate\Auth\Middleware\Authenticate,App\Http\Middleware\EnsureAccountIsActive,App\Http\Middleware\EnforceSessionInactivity,App\Http\Middleware\EnforceBranchScope,App\Http\Middleware\RequirePermission:tax-rates.manage
POST	admin/catalog/tax-rates	admin.catalog.tax-rates.store	web,Illuminate\Auth\Middleware\Authenticate,App\Http\Middleware\EnsureAccountIsActive,App\Http\Middleware\EnforceSessionInactivity,App\Http\Middleware\EnforceBranchScope,App\Http\Middleware\RequirePermission:tax-rates.manage
GET|HEAD	admin/commercial/purchases	admin.commercial.purchases.index	web,Illuminate\Auth\Middleware\Authenticate,App\Http\Middleware\EnsureAccountIsActive,App\Http\Middleware\EnforceSessionInactivity,App\Http\Middleware\EnforceBranchScope,App\Http\Middleware\RequirePermission:purchases.record
POST	admin/commercial/purchases	admin.commercial.purchases.store	web,Illuminate\Auth\Middleware\Authenticate,App\Http\Middleware\EnsureAccountIsActive,App\Http\Middleware\EnforceSessionInactivity,App\Http\Middleware\EnforceBranchScope,App\Http\Middleware\RequirePermission:purchases.record
GET|HEAD	admin/commercial/purchases/create	admin.commercial.purchases.create	web,Illuminate\Auth\Middleware\Authenticate,App\Http\Middleware\EnsureAccountIsActive,App\Http\Middleware\EnforceSessionInactivity,App\Http\Middleware\EnforceBranchScope,App\Http\Middleware\RequirePermission:purchases.record
GET|HEAD	admin/commercial/receivables	admin.commercial.receivables.index	web,Illuminate\Auth\Middleware\Authenticate,App\Http\Middleware\EnsureAccountIsActive,App\Http\Middleware\EnforceSessionInactivity,App\Http\Middleware\EnforceBranchScope,App\Http\Middleware\RequirePermission:customers.receivables.view
GET|HEAD	admin/commercial/receivables/{customer}	admin.commercial.receivables.show	web,Illuminate\Auth\Middleware\Authenticate,App\Http\Middleware\EnsureAccountIsActive,App\Http\Middleware\EnforceSessionInactivity,App\Http\Middleware\EnforceBranchScope,App\Http\Middleware\RequirePermission:customers.receivables.view
GET|HEAD	admin/commercial/vouchers	admin.commercial.vouchers.index	web,Illuminate\Auth\Middleware\Authenticate,App\Http\Middleware\EnsureAccountIsActive,App\Http\Middleware\EnforceSessionInactivity,App\Http\Middleware\EnforceBranchScope,App\Http\Middleware\RequirePermission:vouchers.manage
POST	admin/commercial/vouchers	admin.commercial.vouchers.store	web,Illuminate\Auth\Middleware\Authenticate,App\Http\Middleware\EnsureAccountIsActive,App\Http\Middleware\EnforceSessionInactivity,App\Http\Middleware\EnforceBranchScope,App\Http\Middleware\RequirePermission:vouchers.manage
GET|HEAD	admin/customers	admin.customers.index	web,Illuminate\Auth\Middleware\Authenticate,App\Http\Middleware\EnsureAccountIsActive,App\Http\Middleware\EnforceSessionInactivity,App\Http\Middleware\EnforceBranchScope,App\Http\Middleware\RequirePermission:customers.view
POST	admin/customers	admin.customers.store	web,Illuminate\Auth\Middleware\Authenticate,App\Http\Middleware\EnsureAccountIsActive,App\Http\Middleware\EnforceSessionInactivity,App\Http\Middleware\EnforceBranchScope,App\Http\Middleware\RequirePermission:customers.create
POST	admin/customers/quick	admin.customers.quick-store	web,Illuminate\Auth\Middleware\Authenticate,App\Http\Middleware\EnsureAccountIsActive,App\Http\Middleware\EnforceSessionInactivity,App\Http\Middleware\EnforceBranchScope,App\Http\Middleware\RequirePermission:customers.create
GET|HEAD	admin/customers/search	admin.customers.search	web,Illuminate\Auth\Middleware\Authenticate,App\Http\Middleware\EnsureAccountIsActive,App\Http\Middleware\EnforceSessionInactivity,App\Http\Middleware\EnforceBranchScope,App\Http\Middleware\RequirePermission:customers.view
GET|HEAD	admin/dashboard	admin.dashboard	web,Illuminate\Auth\Middleware\Authenticate,App\Http\Middleware\EnsureAccountIsActive,App\Http\Middleware\EnforceSessionInactivity,App\Http\Middleware\EnforceBranchScope,App\Http\Middleware\RequirePermission:dashboard.view
GET|HEAD	admin/documents/products/{product}/label	admin.documents.products.label	web,Illuminate\Auth\Middleware\Authenticate,App\Http\Middleware\EnsureAccountIsActive,App\Http\Middleware\EnforceSessionInactivity,App\Http\Middleware\EnforceBranchScope,App\Http\Middleware\RequirePermission:documents.products.labels
GET|HEAD	admin/documents/sales/{sale}/a4	admin.documents.sales.a4	web,Illuminate\Auth\Middleware\Authenticate,App\Http\Middleware\EnsureAccountIsActive,App\Http\Middleware\EnforceSessionInactivity,App\Http\Middleware\EnforceBranchScope,App\Http\Middleware\RequirePermission:documents.sales.print,App\Http\Middleware\EnsureSaleVisibility
GET|HEAD	admin/documents/sales/{sale}/pdf	admin.documents.sales.pdf	web,Illuminate\Auth\Middleware\Authenticate,App\Http\Middleware\EnsureAccountIsActive,App\Http\Middleware\EnforceSessionInactivity,App\Http\Middleware\EnforceBranchScope,App\Http\Middleware\RequirePermission:documents.sales.print,App\Http\Middleware\EnsureSaleVisibility
GET|HEAD	admin/documents/sales/{sale}/thermal	admin.documents.sales.thermal	web,Illuminate\Auth\Middleware\Authenticate,App\Http\Middleware\EnsureAccountIsActive,App\Http\Middleware\EnforceSessionInactivity,App\Http\Middleware\EnforceBranchScope,App\Http\Middleware\RequirePermission:documents.sales.print,App\Http\Middleware\EnsureSaleVisibility
GET|HEAD	admin/exports/audit	admin.exports.audit	web,Illuminate\Auth\Middleware\Authenticate,App\Http\Middleware\EnsureAccountIsActive,App\Http\Middleware\EnforceSessionInactivity,App\Http\Middleware\EnforceBranchScope,App\Http\Middleware\RequirePermission:activity.export
GET|HEAD	admin/exports/purchases/{order}	admin.exports.purchases	web,Illuminate\Auth\Middleware\Authenticate,App\Http\Middleware\EnsureAccountIsActive,App\Http\Middleware\EnforceSessionInactivity,App\Http\Middleware\EnforceBranchScope,App\Http\Middleware\RequirePermission:exports.procurement
GET|HEAD	admin/exports/sales/{sale}	admin.exports.sales	web,Illuminate\Auth\Middleware\Authenticate,App\Http\Middleware\EnsureAccountIsActive,App\Http\Middleware\EnforceSessionInactivity,App\Http\Middleware\EnforceBranchScope,App\Http\Middleware\RequirePermission:exports.sales,App\Http\Middleware\EnsureSaleVisibility
GET|HEAD	admin/exports/stock/{movement}	admin.exports.stock	web,Illuminate\Auth\Middleware\Authenticate,App\Http\Middleware\EnsureAccountIsActive,App\Http\Middleware\EnforceSessionInactivity,App\Http\Middleware\EnforceBranchScope,App\Http\Middleware\RequirePermission:exports.inventory
GET|HEAD	admin/governance/changes	admin.governance.changes.index	web,Illuminate\Auth\Middleware\Authenticate,App\Http\Middleware\EnsureAccountIsActive,App\Http\Middleware\EnforceSessionInactivity,App\Http\Middleware\EnforceBranchScope,App\Http\Middleware\RequirePermission:settings.business.manage
POST	admin/governance/changes	admin.governance.changes.store	web,Illuminate\Auth\Middleware\Authenticate,App\Http\Middleware\EnsureAccountIsActive,App\Http\Middleware\EnforceSessionInactivity,App\Http\Middleware\EnforceBranchScope,App\Http\Middleware\RequirePermission:settings.business.manage
POST	admin/governance/changes/{change}/decide	admin.governance.changes.decide	web,Illuminate\Auth\Middleware\Authenticate,App\Http\Middleware\EnsureAccountIsActive,App\Http\Middleware\EnforceSessionInactivity,App\Http\Middleware\EnforceBranchScope,App\Http\Middleware\RequirePermission:settings.business.manage
GET|HEAD	admin/hr	admin.hr.index	web,Illuminate\Auth\Middleware\Authenticate,App\Http\Middleware\EnsureAccountIsActive,App\Http\Middleware\EnforceSessionInactivity,App\Http\Middleware\EnforceBranchScope,App\Http\Middleware\RequirePermission:staff.view
POST	admin/hr/employees	admin.hr.employees.store	web,Illuminate\Auth\Middleware\Authenticate,App\Http\Middleware\EnsureAccountIsActive,App\Http\Middleware\EnforceSessionInactivity,App\Http\Middleware\EnforceBranchScope,App\Http\Middleware\RequirePermission:staff.create
POST	admin/hr/employees/{employee}/assign	admin.hr.employees.assign	web,Illuminate\Auth\Middleware\Authenticate,App\Http\Middleware\EnsureAccountIsActive,App\Http\Middleware\EnforceSessionInactivity,App\Http\Middleware\EnforceBranchScope,App\Http\Middleware\RequirePermission:staff.create
POST	admin/hr/employees/{employee}/attendance	admin.hr.employees.attendance	web,Illuminate\Auth\Middleware\Authenticate,App\Http\Middleware\EnsureAccountIsActive,App\Http\Middleware\EnforceSessionInactivity,App\Http\Middleware\EnforceBranchScope,App\Http\Middleware\RequirePermission:staff.create
POST	admin/hr/employees/{employee}/reviews	admin.hr.employees.reviews	web,Illuminate\Auth\Middleware\Authenticate,App\Http\Middleware\EnsureAccountIsActive,App\Http\Middleware\EnforceSessionInactivity,App\Http\Middleware\EnforceBranchScope,App\Http\Middleware\RequirePermission:reports.staff-performance
POST	admin/hr/holidays	admin.hr.holidays.store	web,Illuminate\Auth\Middleware\Authenticate,App\Http\Middleware\EnsureAccountIsActive,App\Http\Middleware\EnforceSessionInactivity,App\Http\Middleware\EnforceBranchScope,App\Http\Middleware\RequirePermission:staff.create
POST	admin/hr/payroll	admin.hr.payroll.store	web,Illuminate\Auth\Middleware\Authenticate,App\Http\Middleware\EnsureAccountIsActive,App\Http\Middleware\EnforceSessionInactivity,App\Http\Middleware\EnforceBranchScope,App\Http\Middleware\RequirePermission:settings.business.manage
GET|HEAD	admin/imports/products	admin.imports.products.index	web,Illuminate\Auth\Middleware\Authenticate,App\Http\Middleware\EnsureAccountIsActive,App\Http\Middleware\EnforceSessionInactivity,App\Http\Middleware\EnforceBranchScope,App\Http\Middleware\RequirePermission:products.import-history
POST	admin/imports/products	admin.imports.products.store	web,Illuminate\Auth\Middleware\Authenticate,App\Http\Middleware\EnsureAccountIsActive,App\Http\Middleware\EnforceSessionInactivity,App\Http\Middleware\EnforceBranchScope,App\Http\Middleware\RequirePermission:products.import
GET|HEAD	admin/imports/products/template	admin.imports.products.template	web,Illuminate\Auth\Middleware\Authenticate,App\Http\Middleware\EnsureAccountIsActive,App\Http\Middleware\EnforceSessionInactivity,App\Http\Middleware\EnforceBranchScope,App\Http\Middleware\RequirePermission:products.import
GET|HEAD	admin/imports/products/{import}	admin.imports.products.show	web,Illuminate\Auth\Middleware\Authenticate,App\Http\Middleware\EnsureAccountIsActive,App\Http\Middleware\EnforceSessionInactivity,App\Http\Middleware\EnforceBranchScope,App\Http\Middleware\RequirePermission:products.import-history
GET|HEAD	admin/imports/products/{import}/errors	admin.imports.products.errors	web,Illuminate\Auth\Middleware\Authenticate,App\Http\Middleware\EnsureAccountIsActive,App\Http\Middleware\EnforceSessionInactivity,App\Http\Middleware\EnforceBranchScope,App\Http\Middleware\RequirePermission:products.import-history
POST	admin/imports/products/{import}/process	admin.imports.products.process	web,Illuminate\Auth\Middleware\Authenticate,App\Http\Middleware\EnsureAccountIsActive,App\Http\Middleware\EnforceSessionInactivity,App\Http\Middleware\EnforceBranchScope,App\Http\Middleware\RequirePermission:products.import
GET|HEAD	admin/insights	admin.insights.index	web,Illuminate\Auth\Middleware\Authenticate,App\Http\Middleware\EnsureAccountIsActive,App\Http\Middleware\EnforceSessionInactivity,App\Http\Middleware\EnforceBranchScope,App\Http\Middleware\RequirePermission:insights.view
POST	admin/insights/generate	admin.insights.generate	web,Illuminate\Auth\Middleware\Authenticate,App\Http\Middleware\EnsureAccountIsActive,App\Http\Middleware\EnforceSessionInactivity,App\Http\Middleware\EnforceBranchScope,App\Http\Middleware\RequirePermission:insights.generate
PATCH	admin/insights/{insight}/dismiss	admin.insights.dismiss	web,Illuminate\Auth\Middleware\Authenticate,App\Http\Middleware\EnsureAccountIsActive,App\Http\Middleware\EnforceSessionInactivity,App\Http\Middleware\EnforceBranchScope,App\Http\Middleware\RequirePermission:insights.dismiss
GET|HEAD	admin/inventory	admin.inventory.index	web,Illuminate\Auth\Middleware\Authenticate,App\Http\Middleware\EnsureAccountIsActive,App\Http\Middleware\EnforceSessionInactivity,App\Http\Middleware\EnforceBranchScope,App\Http\Middleware\RequirePermission:inventory.view
POST	admin/inventory/adjust	admin.inventory.adjust	web,Illuminate\Auth\Middleware\Authenticate,App\Http\Middleware\EnsureAccountIsActive,App\Http\Middleware\EnforceSessionInactivity,App\Http\Middleware\EnforceBranchScope,App\Http\Middleware\RequirePermission:inventory.adjust
POST	admin/inventory/intake	admin.inventory.intake	web,Illuminate\Auth\Middleware\Authenticate,App\Http\Middleware\EnsureAccountIsActive,App\Http\Middleware\EnforceSessionInactivity,App\Http\Middleware\EnforceBranchScope,App\Http\Middleware\RequirePermission:inventory.intake
GET|HEAD	admin/inventory/movements	admin.inventory.movements	web,Illuminate\Auth\Middleware\Authenticate,App\Http\Middleware\EnsureAccountIsActive,App\Http\Middleware\EnforceSessionInactivity,App\Http\Middleware\EnforceBranchScope,App\Http\Middleware\RequirePermission:inventory.movements.view
POST	admin/inventory/transfer	admin.inventory.transfer	web,Illuminate\Auth\Middleware\Authenticate,App\Http\Middleware\EnsureAccountIsActive,App\Http\Middleware\EnforceSessionInactivity,App\Http\Middleware\EnforceBranchScope,App\Http\Middleware\RequirePermission:inventory.transfer
GET|HEAD	admin/lisa/audit	admin.insights.chat.audit	web,Illuminate\Auth\Middleware\Authenticate,App\Http\Middleware\EnsureAccountIsActive,App\Http\Middleware\EnforceSessionInactivity,App\Http\Middleware\EnforceBranchScope,App\Http\Middleware\RequirePermission:lisa.audit.view
GET|HEAD	admin/lisa/audit/{conversation}	admin.insights.chat.audit.show	web,Illuminate\Auth\Middleware\Authenticate,App\Http\Middleware\EnsureAccountIsActive,App\Http\Middleware\EnforceSessionInactivity,App\Http\Middleware\EnforceBranchScope,App\Http\Middleware\RequirePermission:lisa.audit.view
GET|HEAD	admin/lisa/chat	admin.insights.chat.index	web,Illuminate\Auth\Middleware\Authenticate,App\Http\Middleware\EnsureAccountIsActive,App\Http\Middleware\EnforceSessionInactivity,App\Http\Middleware\EnforceBranchScope,App\Http\Middleware\RequirePermission:lisa.chat
POST	admin/lisa/chat	admin.insights.chat.store	web,Illuminate\Auth\Middleware\Authenticate,App\Http\Middleware\EnsureAccountIsActive,App\Http\Middleware\EnforceSessionInactivity,App\Http\Middleware\EnforceBranchScope,App\Http\Middleware\RequirePermission:lisa.chat
GET|HEAD	admin/lisa/chat/{conversation}	admin.insights.chat.show	web,Illuminate\Auth\Middleware\Authenticate,App\Http\Middleware\EnsureAccountIsActive,App\Http\Middleware\EnforceSessionInactivity,App\Http\Middleware\EnforceBranchScope,App\Http\Middleware\RequirePermission:lisa.chat
POST	admin/lisa/chat/{conversation}/message	admin.insights.chat.message	web,Illuminate\Auth\Middleware\Authenticate,App\Http\Middleware\EnsureAccountIsActive,App\Http\Middleware\EnforceSessionInactivity,App\Http\Middleware\EnforceBranchScope,App\Http\Middleware\RequirePermission:lisa.chat
GET|HEAD	admin/operations/alert-recipients	admin.operations.alert-recipients.index	web,Illuminate\Auth\Middleware\Authenticate,App\Http\Middleware\EnsureAccountIsActive,App\Http\Middleware\EnforceSessionInactivity,App\Http\Middleware\EnforceBranchScope,App\Http\Middleware\RequirePermission:alerts.manage-recipients
POST	admin/operations/alert-recipients	admin.operations.alert-recipients.store	web,Illuminate\Auth\Middleware\Authenticate,App\Http\Middleware\EnsureAccountIsActive,App\Http\Middleware\EnforceSessionInactivity,App\Http\Middleware\EnforceBranchScope,App\Http\Middleware\RequirePermission:alerts.manage-recipients
PATCH	admin/operations/alert-recipients/{recipient}/toggle	admin.operations.alert-recipients.toggle	web,Illuminate\Auth\Middleware\Authenticate,App\Http\Middleware\EnsureAccountIsActive,App\Http\Middleware\EnforceSessionInactivity,App\Http\Middleware\EnforceBranchScope,App\Http\Middleware\RequirePermission:alerts.manage-recipients
GET|HEAD	admin/operations/backups	admin.operations.backups.index	web,Illuminate\Auth\Middleware\Authenticate,App\Http\Middleware\EnsureAccountIsActive,App\Http\Middleware\EnforceSessionInactivity,App\Http\Middleware\EnforceBranchScope,App\Http\Middleware\RequirePermission:backups.view
POST	admin/operations/backups	admin.operations.backups.store	web,Illuminate\Auth\Middleware\Authenticate,App\Http\Middleware\EnsureAccountIsActive,App\Http\Middleware\EnforceSessionInactivity,App\Http\Middleware\EnforceBranchScope,App\Http\Middleware\RequirePermission:backups.create
POST	admin/operations/backups/{backupRun}/verify	admin.operations.backups.verify	web,Illuminate\Auth\Middleware\Authenticate,App\Http\Middleware\EnsureAccountIsActive,App\Http\Middleware\EnforceSessionInactivity,App\Http\Middleware\EnforceBranchScope,App\Http\Middleware\RequirePermission:backups.verify
PATCH	admin/operations/notifications/{notification}/read	admin.operations.notifications.read	web,Illuminate\Auth\Middleware\Authenticate,App\Http\Middleware\EnsureAccountIsActive,App\Http\Middleware\EnforceSessionInactivity,App\Http\Middleware\EnforceBranchScope,App\Http\Middleware\RequirePermission:alerts.view
GET|HEAD	admin/operations/settings	admin.operations.settings.edit	web,Illuminate\Auth\Middleware\Authenticate,App\Http\Middleware\EnsureAccountIsActive,App\Http\Middleware\EnforceSessionInactivity,App\Http\Middleware\EnforceBranchScope,App\Http\Middleware\RequirePermission:settings.business.manage
PATCH	admin/operations/settings	admin.operations.settings.update	web,Illuminate\Auth\Middleware\Authenticate,App\Http\Middleware\EnsureAccountIsActive,App\Http\Middleware\EnforceSessionInactivity,App\Http\Middleware\EnforceBranchScope,App\Http\Middleware\RequirePermission:settings.business.manage
GET|HEAD	admin/operations/{operation}	admin.operations.show	web,Illuminate\Auth\Middleware\Authenticate,App\Http\Middleware\EnsureAccountIsActive,App\Http\Middleware\EnforceSessionInactivity,App\Http\Middleware\EnforceBranchScope
GET|HEAD	admin/payment-methods	admin.payment-methods.index	web,Illuminate\Auth\Middleware\Authenticate,App\Http\Middleware\EnsureAccountIsActive,App\Http\Middleware\EnforceSessionInactivity,App\Http\Middleware\EnforceBranchScope,App\Http\Middleware\RequirePermission:payment-methods.view
POST	admin/payment-methods	admin.payment-methods.store	web,Illuminate\Auth\Middleware\Authenticate,App\Http\Middleware\EnsureAccountIsActive,App\Http\Middleware\EnforceSessionInactivity,App\Http\Middleware\EnforceBranchScope,App\Http\Middleware\RequirePermission:payment-methods.manage
PATCH	admin/payment-methods/{method}/default	admin.payment-methods.default	web,Illuminate\Auth\Middleware\Authenticate,App\Http\Middleware\EnsureAccountIsActive,App\Http\Middleware\EnforceSessionInactivity,App\Http\Middleware\EnforceBranchScope,App\Http\Middleware\RequirePermission:payment-methods.manage
PATCH	admin/payment-methods/{method}/toggle	admin.payment-methods.toggle	web,Illuminate\Auth\Middleware\Authenticate,App\Http\Middleware\EnsureAccountIsActive,App\Http\Middleware\EnforceSessionInactivity,App\Http\Middleware\EnforceBranchScope,App\Http\Middleware\RequirePermission:payment-methods.manage
GET|HEAD	admin/pos	admin.pos.index	web,Illuminate\Auth\Middleware\Authenticate,App\Http\Middleware\EnsureAccountIsActive,App\Http\Middleware\EnforceSessionInactivity,App\Http\Middleware\EnforceBranchScope,App\Http\Middleware\RequirePermission:sales.create
POST	admin/pos/sales/{sale}/print	admin.pos.print	web,Illuminate\Auth\Middleware\Authenticate,App\Http\Middleware\EnsureAccountIsActive,App\Http\Middleware\EnforceSessionInactivity,App\Http\Middleware\EnforceBranchScope,App\Http\Middleware\RequirePermission:documents.sales.print
POST	admin/pos/shifts/{shift}/cash	admin.pos.cash	web,Illuminate\Auth\Middleware\Authenticate,App\Http\Middleware\EnsureAccountIsActive,App\Http\Middleware\EnforceSessionInactivity,App\Http\Middleware\EnforceBranchScope,App\Http\Middleware\RequirePermission:sales.create
POST	admin/pos/shifts/{shift}/close	admin.pos.close	web,Illuminate\Auth\Middleware\Authenticate,App\Http\Middleware\EnsureAccountIsActive,App\Http\Middleware\EnforceSessionInactivity,App\Http\Middleware\EnforceBranchScope,App\Http\Middleware\RequirePermission:sales.create
POST	admin/pos/shifts/{shift}/complete	admin.pos.complete	web,Illuminate\Auth\Middleware\Authenticate,App\Http\Middleware\EnsureAccountIsActive,App\Http\Middleware\EnforceSessionInactivity,App\Http\Middleware\EnforceBranchScope,App\Http\Middleware\RequirePermission:sales.create
POST	admin/pos/shifts/{shift}/held/{heldSale}/resume	admin.pos.resume	web,Illuminate\Auth\Middleware\Authenticate,App\Http\Middleware\EnsureAccountIsActive,App\Http\Middleware\EnforceSessionInactivity,App\Http\Middleware\EnforceBranchScope,App\Http\Middleware\RequirePermission:sales.create
POST	admin/pos/shifts/{shift}/hold	admin.pos.hold	web,Illuminate\Auth\Middleware\Authenticate,App\Http\Middleware\EnsureAccountIsActive,App\Http\Middleware\EnforceSessionInactivity,App\Http\Middleware\EnforceBranchScope,App\Http\Middleware\RequirePermission:sales.create
POST	admin/pos/terminals/{terminal}/open	admin.pos.open	web,Illuminate\Auth\Middleware\Authenticate,App\Http\Middleware\EnsureAccountIsActive,App\Http\Middleware\EnforceSessionInactivity,App\Http\Middleware\EnforceBranchScope,App\Http\Middleware\RequirePermission:sales.create
GET|HEAD	admin/procurement/enterprise	admin.procurement.enterprise.index	web,Illuminate\Auth\Middleware\Authenticate,App\Http\Middleware\EnsureAccountIsActive,App\Http\Middleware\EnforceSessionInactivity,App\Http\Middleware\EnforceBranchScope,App\Http\Middleware\RequirePermission:procurement.requisitions.view
POST	admin/procurement/enterprise/orders/{order}/receive	admin.procurement.enterprise.orders.receive	web,Illuminate\Auth\Middleware\Authenticate,App\Http\Middleware\EnsureAccountIsActive,App\Http\Middleware\EnforceSessionInactivity,App\Http\Middleware\EnforceBranchScope,App\Http\Middleware\RequirePermission:procurement.receipts.create
POST	admin/procurement/enterprise/receipts/{receipt}/landed-cost	admin.procurement.enterprise.receipts.landed-cost	web,Illuminate\Auth\Middleware\Authenticate,App\Http\Middleware\EnsureAccountIsActive,App\Http\Middleware\EnforceSessionInactivity,App\Http\Middleware\EnforceBranchScope,App\Http\Middleware\RequirePermission:procurement.landed-cost.manage
POST	admin/procurement/enterprise/requisitions	admin.procurement.enterprise.requisitions.store	web,Illuminate\Auth\Middleware\Authenticate,App\Http\Middleware\EnsureAccountIsActive,App\Http\Middleware\EnforceSessionInactivity,App\Http\Middleware\EnforceBranchScope,App\Http\Middleware\RequirePermission:procurement.requisitions.create
POST	admin/procurement/enterprise/requisitions/{requisition}/approve	admin.procurement.enterprise.requisitions.approve	web,Illuminate\Auth\Middleware\Authenticate,App\Http\Middleware\EnsureAccountIsActive,App\Http\Middleware\EnforceSessionInactivity,App\Http\Middleware\EnforceBranchScope,App\Http\Middleware\RequirePermission:procurement.requisitions.approve
POST	admin/procurement/enterprise/requisitions/{requisition}/convert	admin.procurement.enterprise.requisitions.convert	web,Illuminate\Auth\Middleware\Authenticate,App\Http\Middleware\EnsureAccountIsActive,App\Http\Middleware\EnforceSessionInactivity,App\Http\Middleware\EnforceBranchScope,App\Http\Middleware\RequirePermission:procurement.requisitions.approve
GET|HEAD	admin/procurement/orders	admin.procurement.orders.index	web,Illuminate\Auth\Middleware\Authenticate,App\Http\Middleware\EnsureAccountIsActive,App\Http\Middleware\EnforceSessionInactivity,App\Http\Middleware\EnforceBranchScope,App\Http\Middleware\RequirePermission:procurement.view
POST	admin/procurement/orders	admin.procurement.orders.store	web,Illuminate\Auth\Middleware\Authenticate,App\Http\Middleware\EnsureAccountIsActive,App\Http\Middleware\EnforceSessionInactivity,App\Http\Middleware\EnforceBranchScope,App\Http\Middleware\RequirePermission:procurement.create
PATCH	admin/procurement/orders/{order}/approve	admin.procurement.orders.approve	web,Illuminate\Auth\Middleware\Authenticate,App\Http\Middleware\EnsureAccountIsActive,App\Http\Middleware\EnforceSessionInactivity,App\Http\Middleware\EnforceBranchScope,App\Http\Middleware\RequirePermission:procurement.approve
POST	admin/procurement/orders/{order}/receive	admin.procurement.orders.receive	web,Illuminate\Auth\Middleware\Authenticate,App\Http\Middleware\EnsureAccountIsActive,App\Http\Middleware\EnforceSessionInactivity,App\Http\Middleware\EnforceBranchScope,App\Http\Middleware\RequirePermission:procurement.receive
GET|HEAD	admin/products/{product}/activity	admin.products.activity	web,Illuminate\Auth\Middleware\Authenticate,App\Http\Middleware\EnsureAccountIsActive,App\Http\Middleware\EnforceSessionInactivity,App\Http\Middleware\EnforceBranchScope,App\Http\Middleware\RequirePermission:activity.products.view
GET|HEAD	admin/reports	admin.reports.hub	web,Illuminate\Auth\Middleware\Authenticate,App\Http\Middleware\EnsureAccountIsActive,App\Http\Middleware\EnforceSessionInactivity,App\Http\Middleware\EnforceBranchScope,App\Http\Middleware\RequirePermission:reports.hub.view
GET|HEAD	admin/reports/exports/low-stock	admin.reports.exports.low-stock	web,Illuminate\Auth\Middleware\Authenticate,App\Http\Middleware\EnsureAccountIsActive,App\Http\Middleware\EnforceSessionInactivity,App\Http\Middleware\EnforceBranchScope,App\Http\Middleware\RequirePermission:reports.export
GET|HEAD	admin/reports/exports/sales	admin.reports.exports.sales	web,Illuminate\Auth\Middleware\Authenticate,App\Http\Middleware\EnsureAccountIsActive,App\Http\Middleware\EnforceSessionInactivity,App\Http\Middleware\EnforceBranchScope,App\Http\Middleware\RequirePermission:reports.export
GET|HEAD	admin/reports/exports/staff	admin.reports.exports.staff	web,Illuminate\Auth\Middleware\Authenticate,App\Http\Middleware\EnsureAccountIsActive,App\Http\Middleware\EnforceSessionInactivity,App\Http\Middleware\EnforceBranchScope,App\Http\Middleware\RequirePermission:reports.export
GET|HEAD	admin/reports/low-stock	admin.reports.low-stock	web,Illuminate\Auth\Middleware\Authenticate,App\Http\Middleware\EnsureAccountIsActive,App\Http\Middleware\EnforceSessionInactivity,App\Http\Middleware\EnforceBranchScope,App\Http\Middleware\RequirePermission:reports.low-stock
GET|HEAD	admin/reports/staff-performance	admin.reports.staff-performance	web,Illuminate\Auth\Middleware\Authenticate,App\Http\Middleware\EnsureAccountIsActive,App\Http\Middleware\EnforceSessionInactivity,App\Http\Middleware\EnforceBranchScope,App\Http\Middleware\RequirePermission:reports.staff-performance
POST	admin/reports/staff-performance/announcement	admin.reports.staff-performance.announcement	web,Illuminate\Auth\Middleware\Authenticate,App\Http\Middleware\EnsureAccountIsActive,App\Http\Middleware\EnforceSessionInactivity,App\Http\Middleware\EnforceBranchScope,App\Http\Middleware\RequirePermission:reports.staff-performance
GET|HEAD	admin/reports/supplier-balances	admin.reports.supplier-balances	web,Illuminate\Auth\Middleware\Authenticate,App\Http\Middleware\EnsureAccountIsActive,App\Http\Middleware\EnforceSessionInactivity,App\Http\Middleware\EnforceBranchScope,App\Http\Middleware\RequirePermission:reports.supplier-balances
GET|HEAD	admin/roles	admin.roles.index	web,Illuminate\Auth\Middleware\Authenticate,App\Http\Middleware\EnsureAccountIsActive,App\Http\Middleware\EnforceSessionInactivity,App\Http\Middleware\EnforceBranchScope,App\Http\Middleware\RequirePermission:roles.view
POST	admin/roles	admin.roles.store	web,Illuminate\Auth\Middleware\Authenticate,App\Http\Middleware\EnsureAccountIsActive,App\Http\Middleware\EnforceSessionInactivity,App\Http\Middleware\EnforceBranchScope,App\Http\Middleware\RequirePermission:roles.create
GET|HEAD	admin/sales	admin.sales.index	web,Illuminate\Auth\Middleware\Authenticate,App\Http\Middleware\EnsureAccountIsActive,App\Http\Middleware\EnforceSessionInactivity,App\Http\Middleware\EnforceBranchScope,App\Http\Middleware\RequireAnyPermission:sales.view,sales.view.own,sales.view.all
POST	admin/sales	admin.sales.store	web,Illuminate\Auth\Middleware\Authenticate,App\Http\Middleware\EnsureAccountIsActive,App\Http\Middleware\EnforceSessionInactivity,App\Http\Middleware\EnforceBranchScope,App\Http\Middleware\RequirePermission:sales.create
GET|HEAD	admin/sales/create	admin.sales.create	web,Illuminate\Auth\Middleware\Authenticate,App\Http\Middleware\EnsureAccountIsActive,App\Http\Middleware\EnforceSessionInactivity,App\Http\Middleware\EnforceBranchScope,App\Http\Middleware\RequirePermission:sales.create
GET|HEAD	admin/sales/export	admin.sales.export	web,Illuminate\Auth\Middleware\Authenticate,App\Http\Middleware\EnsureAccountIsActive,App\Http\Middleware\EnforceSessionInactivity,App\Http\Middleware\EnforceBranchScope,App\Http\Middleware\RequirePermission:sales.export
POST	admin/sales/quotes/{quote}/convert	admin.sales.quotes.convert	web,Illuminate\Auth\Middleware\Authenticate,App\Http\Middleware\EnsureAccountIsActive,App\Http\Middleware\EnforceSessionInactivity,App\Http\Middleware\EnforceBranchScope,App\Http\Middleware\RequirePermission:quotes.convert,App\Http\Middleware\EnsureSaleVisibility
GET|HEAD	admin/sales/workflows	admin.sales.workflows.index	web,Illuminate\Auth\Middleware\Authenticate,App\Http\Middleware\EnsureAccountIsActive,App\Http\Middleware\EnforceSessionInactivity,App\Http\Middleware\EnforceBranchScope,App\Http\Middleware\RequirePermission:sales.view
GET|HEAD	admin/sales/workflows/export	admin.sales.workflows.export	web,Illuminate\Auth\Middleware\Authenticate,App\Http\Middleware\EnsureAccountIsActive,App\Http\Middleware\EnforceSessionInactivity,App\Http\Middleware\EnforceBranchScope,App\Http\Middleware\RequirePermission:sales.export
POST	admin/sales/workflows/{sale}/convert	admin.sales.workflows.convert	web,Illuminate\Auth\Middleware\Authenticate,App\Http\Middleware\EnsureAccountIsActive,App\Http\Middleware\EnforceSessionInactivity,App\Http\Middleware\EnforceBranchScope,App\Http\Middleware\RequirePermission:sales.edit
POST	admin/sales/workflows/{sale}/deliver	admin.sales.workflows.deliver	web,Illuminate\Auth\Middleware\Authenticate,App\Http\Middleware\EnsureAccountIsActive,App\Http\Middleware\EnforceSessionInactivity,App\Http\Middleware\EnforceBranchScope,App\Http\Middleware\RequirePermission:sales.edit
GET|HEAD	admin/sales/{sale}	admin.sales.show	web,Illuminate\Auth\Middleware\Authenticate,App\Http\Middleware\EnsureAccountIsActive,App\Http\Middleware\EnforceSessionInactivity,App\Http\Middleware\EnforceBranchScope,App\Http\Middleware\RequireAnyPermission:sales.view,sales.view.own,sales.view.all,App\Http\Middleware\EnsureSaleVisibility
PUT	admin/sales/{sale}	admin.sales.update	web,Illuminate\Auth\Middleware\Authenticate,App\Http\Middleware\EnsureAccountIsActive,App\Http\Middleware\EnforceSessionInactivity,App\Http\Middleware\EnforceBranchScope,App\Http\Middleware\RequirePermission:sales.edit,App\Http\Middleware\EnsureSaleVisibility
GET|HEAD	admin/sales/{sale}/edit	admin.sales.edit	web,Illuminate\Auth\Middleware\Authenticate,App\Http\Middleware\EnsureAccountIsActive,App\Http\Middleware\EnforceSessionInactivity,App\Http\Middleware\EnforceBranchScope,App\Http\Middleware\RequirePermission:sales.edit,App\Http\Middleware\EnsureSaleVisibility
POST	admin/sales/{sale}/payments	admin.sales.payments.store	web,Illuminate\Auth\Middleware\Authenticate,App\Http\Middleware\EnsureAccountIsActive,App\Http\Middleware\EnforceSessionInactivity,App\Http\Middleware\EnforceBranchScope,App\Http\Middleware\RequirePermission:sales.payments.record,App\Http\Middleware\EnsureSaleVisibility
POST	admin/sales/{sale}/void	admin.sales.void	web,Illuminate\Auth\Middleware\Authenticate,App\Http\Middleware\EnsureAccountIsActive,App\Http\Middleware\EnforceSessionInactivity,App\Http\Middleware\EnforceBranchScope,App\Http\Middleware\RequirePermission:sales.void,App\Http\Middleware\EnsureSaleVisibility
GET|HEAD	admin/security/sessions	admin.security.sessions.index	web,Illuminate\Auth\Middleware\Authenticate,App\Http\Middleware\EnsureAccountIsActive,App\Http\Middleware\EnforceSessionInactivity,App\Http\Middleware\EnforceBranchScope,App\Http\Middleware\RequirePermission:security.sessions.view
DELETE	admin/security/sessions/{session}	admin.security.sessions.destroy	web,Illuminate\Auth\Middleware\Authenticate,App\Http\Middleware\EnsureAccountIsActive,App\Http\Middleware\EnforceSessionInactivity,App\Http\Middleware\EnforceBranchScope,App\Http\Middleware\RequirePermission:security.sessions.terminate
PATCH	admin/security/sessions/{session}/revoke	admin.security.sessions.revoke	web,Illuminate\Auth\Middleware\Authenticate,App\Http\Middleware\EnsureAccountIsActive,App\Http\Middleware\EnforceSessionInactivity,App\Http\Middleware\EnforceBranchScope,App\Http\Middleware\RequirePermission:staff.sessions.revoke
GET|HEAD	admin/staff	admin.staff.index	web,Illuminate\Auth\Middleware\Authenticate,App\Http\Middleware\EnsureAccountIsActive,App\Http\Middleware\EnforceSessionInactivity,App\Http\Middleware\EnforceBranchScope,App\Http\Middleware\RequirePermission:staff.view
POST	admin/staff	admin.staff.store	web,Illuminate\Auth\Middleware\Authenticate,App\Http\Middleware\EnsureAccountIsActive,App\Http\Middleware\EnforceSessionInactivity,App\Http\Middleware\EnforceBranchScope,App\Http\Middleware\RequirePermission:staff.create
POST	admin/staff/{account}/access-key/reveal	admin.staff.access-key.reveal	web,Illuminate\Auth\Middleware\Authenticate,App\Http\Middleware\EnsureAccountIsActive,App\Http\Middleware\EnforceSessionInactivity,App\Http\Middleware\EnforceBranchScope,App\Http\Middleware\RequirePermission:staff.access-key.reveal
PATCH	admin/staff/{account}/suspend	admin.staff.suspend	web,Illuminate\Auth\Middleware\Authenticate,App\Http\Middleware\EnsureAccountIsActive,App\Http\Middleware\EnforceSessionInactivity,App\Http\Middleware\EnforceBranchScope,App\Http\Middleware\RequirePermission:staff.suspend
GET|HEAD	admin/supplier-finance/bills	admin.supplier-finance.bills.index	web,Illuminate\Auth\Middleware\Authenticate,App\Http\Middleware\EnsureAccountIsActive,App\Http\Middleware\EnforceSessionInactivity,App\Http\Middleware\EnforceBranchScope,App\Http\Middleware\RequirePermission:supplier-bills.view
POST	admin/supplier-finance/bills	admin.supplier-finance.bills.store	web,Illuminate\Auth\Middleware\Authenticate,App\Http\Middleware\EnsureAccountIsActive,App\Http\Middleware\EnforceSessionInactivity,App\Http\Middleware\EnforceBranchScope,App\Http\Middleware\RequirePermission:supplier-bills.create
GET|HEAD	admin/supplier-finance/bills/{bill}	admin.supplier-finance.bills.show	web,Illuminate\Auth\Middleware\Authenticate,App\Http\Middleware\EnsureAccountIsActive,App\Http\Middleware\EnforceSessionInactivity,App\Http\Middleware\EnforceBranchScope,App\Http\Middleware\RequirePermission:supplier-bills.view
GET|HEAD	admin/supplier-finance/bills/{bill}/documents/{document}	admin.supplier-finance.bills.documents.download	web,Illuminate\Auth\Middleware\Authenticate,App\Http\Middleware\EnsureAccountIsActive,App\Http\Middleware\EnforceSessionInactivity,App\Http\Middleware\EnforceBranchScope,App\Http\Middleware\RequirePermission:supplier-documents.download
POST	admin/supplier-finance/bills/{bill}/payments	admin.supplier-finance.bills.payments.store	web,Illuminate\Auth\Middleware\Authenticate,App\Http\Middleware\EnsureAccountIsActive,App\Http\Middleware\EnforceSessionInactivity,App\Http\Middleware\EnforceBranchScope,App\Http\Middleware\RequirePermission:supplier-bills.pay
GET|HEAD	admin/supplier-finance/returns	admin.supplier-finance.returns.index	web,Illuminate\Auth\Middleware\Authenticate,App\Http\Middleware\EnsureAccountIsActive,App\Http\Middleware\EnforceSessionInactivity,App\Http\Middleware\EnforceBranchScope,App\Http\Middleware\RequirePermission:supplier-returns.view
POST	admin/supplier-finance/returns	admin.supplier-finance.returns.store	web,Illuminate\Auth\Middleware\Authenticate,App\Http\Middleware\EnsureAccountIsActive,App\Http\Middleware\EnforceSessionInactivity,App\Http\Middleware\EnforceBranchScope,App\Http\Middleware\RequirePermission:supplier-returns.create
GET|HEAD	admin/warehouses	admin.warehouses.index	web,Illuminate\Auth\Middleware\Authenticate,App\Http\Middleware\EnsureAccountIsActive,App\Http\Middleware\EnforceSessionInactivity,App\Http\Middleware\EnforceBranchScope,App\Http\Middleware\RequirePermission:warehouses.view
POST	admin/warehouses	admin.warehouses.store	web,Illuminate\Auth\Middleware\Authenticate,App\Http\Middleware\EnsureAccountIsActive,App\Http\Middleware\EnforceSessionInactivity,App\Http\Middleware\EnforceBranchScope,App\Http\Middleware\RequirePermission:warehouses.manage
POST	admin/warehouses/condition	admin.warehouses.condition	web,Illuminate\Auth\Middleware\Authenticate,App\Http\Middleware\EnsureAccountIsActive,App\Http\Middleware\EnforceSessionInactivity,App\Http\Middleware\EnforceBranchScope,App\Http\Middleware\RequirePermission:warehouses.operate
POST	admin/warehouses/count	admin.warehouses.count	web,Illuminate\Auth\Middleware\Authenticate,App\Http\Middleware\EnsureAccountIsActive,App\Http\Middleware\EnforceSessionInactivity,App\Http\Middleware\EnforceBranchScope,App\Http\Middleware\RequirePermission:inventory.counts.manage
POST	admin/warehouses/reservations/{reservation}/release	admin.warehouses.reservations.release	web,Illuminate\Auth\Middleware\Authenticate,App\Http\Middleware\EnsureAccountIsActive,App\Http\Middleware\EnforceSessionInactivity,App\Http\Middleware\EnforceBranchScope,App\Http\Middleware\RequirePermission:inventory.reservations.manage
POST	admin/warehouses/reserve	admin.warehouses.reserve	web,Illuminate\Auth\Middleware\Authenticate,App\Http\Middleware\EnsureAccountIsActive,App\Http\Middleware\EnforceSessionInactivity,App\Http\Middleware\EnforceBranchScope,App\Http\Middleware\RequirePermission:inventory.reservations.manage
POST	admin/warehouses/transfer	admin.warehouses.transfer	web,Illuminate\Auth\Middleware\Authenticate,App\Http\Middleware\EnsureAccountIsActive,App\Http\Middleware\EnforceSessionInactivity,App\Http\Middleware\EnforceBranchScope,App\Http\Middleware\RequirePermission:warehouses.operate
GET|HEAD	catalog/products/lookup	catalog.products.lookup	web,Illuminate\Auth\Middleware\Authenticate,App\Http\Middleware\EnsureAccountIsActive,App\Http\Middleware\EnforceSessionInactivity
GET|HEAD	cron/{secret}/end-of-day-digest	cron.end-of-day-digest	web
GET|HEAD	livewire-8cca5c8a/css/{component}.css	(none)	(none)
GET|HEAD	livewire-8cca5c8a/css/{component}.global.css	(none)	(none)
GET|HEAD	livewire-8cca5c8a/js/{component}.js	(none)	(none)
GET|HEAD	livewire-8cca5c8a/livewire.csp.min.js.map	(none)	(none)
GET|HEAD	livewire-8cca5c8a/livewire.js	(none)	(none)
GET|HEAD	livewire-8cca5c8a/livewire.min.js.map	(none)	(none)
GET|HEAD	livewire-8cca5c8a/preview-file/{filename}	livewire.preview-file	web
POST	livewire-8cca5c8a/update	default-livewire.update	web,Livewire\Mechanisms\HandleRequests\RequireLivewireHeaders
POST	livewire-8cca5c8a/upload-file	livewire.upload-file	web,Illuminate\Routing\Middleware\ThrottleRequests:60,1
POST	login	login.store	web,Illuminate\Auth\Middleware\RedirectIfAuthenticated,Illuminate\Routing\Middleware\ThrottleRequests:10,1
GET|HEAD	login/staff-search	login.staff-search	web,Illuminate\Auth\Middleware\RedirectIfAuthenticated,Illuminate\Routing\Middleware\ThrottleRequests:30,1
POST	logout	logout	web,Illuminate\Auth\Middleware\Authenticate
PATCH	staff/announcements/{announcement}/dismiss	staff.announcements.dismiss	web,Illuminate\Auth\Middleware\Authenticate,App\Http\Middleware\EnsureAccountIsActive,App\Http\Middleware\EnforceSessionInactivity,App\Http\Middleware\EnforceBranchScope,App\Http\Middleware\RequirePermission:dashboard.staff.view
GET|HEAD	staff/dashboard	staff.dashboard	web,Illuminate\Auth\Middleware\Authenticate,App\Http\Middleware\EnsureAccountIsActive,App\Http\Middleware\EnforceSessionInactivity,App\Http\Middleware\EnforceBranchScope,App\Http\Middleware\RequirePermission:dashboard.staff.view
GET|HEAD	staff/operations/{operation}	staff.operations.show	web,Illuminate\Auth\Middleware\Authenticate,App\Http\Middleware\EnsureAccountIsActive,App\Http\Middleware\EnforceSessionInactivity,App\Http\Middleware\EnforceBranchScope
GET|HEAD	staff/profile	staff.profile.show	web,Illuminate\Auth\Middleware\Authenticate,App\Http\Middleware\EnsureAccountIsActive,App\Http\Middleware\EnforceSessionInactivity,App\Http\Middleware\EnforceBranchScope
PATCH	staff/profile/picture	staff.profile.picture.update	web,Illuminate\Auth\Middleware\Authenticate,App\Http\Middleware\EnsureAccountIsActive,App\Http\Middleware\EnforceSessionInactivity,App\Http\Middleware\EnforceBranchScope
DELETE	staff/profile/picture	staff.profile.picture.destroy	web,Illuminate\Auth\Middleware\Authenticate,App\Http\Middleware\EnsureAccountIsActive,App\Http\Middleware\EnforceSessionInactivity,App\Http\Middleware\EnforceBranchScope
POST	staff/sales/{sale}/payments	staff.sales.payments.store	web,Illuminate\Auth\Middleware\Authenticate,App\Http\Middleware\EnsureAccountIsActive,App\Http\Middleware\EnforceSessionInactivity,App\Http\Middleware\EnforceBranchScope,App\Http\Middleware\EnsureSaleVisibility,App\Http\Middleware\RequirePermission:sales.payments.record
POST	staff/sales/{sale}/returns	staff.sales.returns.store	web,Illuminate\Auth\Middleware\Authenticate,App\Http\Middleware\EnsureAccountIsActive,App\Http\Middleware\EnforceSessionInactivity,App\Http\Middleware\EnforceBranchScope,App\Http\Middleware\EnsureSaleVisibility,App\Http\Middleware\RequirePermission:sales.returns.create
GET|HEAD	staff/sales/{sale}/returns/create	staff.sales.returns.create	web,Illuminate\Auth\Middleware\Authenticate,App\Http\Middleware\EnsureAccountIsActive,App\Http\Middleware\EnforceSessionInactivity,App\Http\Middleware\EnforceBranchScope,App\Http\Middleware\EnsureSaleVisibility,App\Http\Middleware\RequirePermission:sales.returns.create
POST	staff/sales/{sale}/voucher	staff.sales.voucher.store	web,Illuminate\Auth\Middleware\Authenticate,App\Http\Middleware\EnsureAccountIsActive,App\Http\Middleware\EnforceSessionInactivity,App\Http\Middleware\EnforceBranchScope,App\Http\Middleware\EnsureSaleVisibility,App\Http\Middleware\RequirePermission:vouchers.apply
GET|HEAD	storage/{path}	storage.local	(none)
PUT	storage/{path}	storage.local.upload	(none)
GET|HEAD	up	(none)	(none)
GET|HEAD	verify/sales/{sale}/{token}	public.sales.verify	web
